month	total_quality_articles_about_females	total_quality_articles_about_males	total_quality_articles_about_gender_diverse	MoM_net_new_quality_articles_about_females	MoM_net_new_quality_articles_about_gender_diverse	MoM_net_new_quality_articles_about_males	gender_minorities_net_new_articles_sum	all_genders_net_new_articles_sum	%_of_new_articles_about_gender_minorities	total_quality_articles_about_Latin America & Caribbean	total_quality_articles_about_Central & Eastern Europe & Central Asia	total_quality_articles_about_East, Southeast Asia, & Pacific	total_quality_articles_about_North America	total_quality_articles_about_Northern & Western Europe	total_quality_articles_about_Middle East & North Africa	total_quality_articles_about_Sub-Saharan Africa	total_quality_articles_about_South Asia	total_quality_articles_about_UNCLASSED	MoM_net_new_quality_articles_about_Latin America & Caribbean	MoM_net_new_quality_articles_about_Central & Eastern Europe & Central Asia	MoM_net_new_quality_articles_about_East, Southeast Asia, & Pacific	MoM_net_new_quality_articles_about_North America	MoM_net_new_quality_articles_about_Northern & Western Europe	MoM_net_new_quality_articles_about_Middle East & North Africa	MoM_net_new_quality_articles_about_Sub-Saharan Africa	MoM_net_new_quality_articles_about_South Asia	MoM_net_new_quality_articles_about_UNCLASSED	underrepresented_regions_net_new_articles_sum	all_regions_net_new_articles_sum	%_of_new_articles_about_underrepresented_regions
2001-01-01	0	0	0				0.0	0.0		0	0	0	0	0	0	0	0											0.0	0.0	
2001-02-01	0	0	0	0.0	0.0	0.0	0.0	0.0		0	0	0	0	0	0	0	0		0.0	0.0	0.0	0.0	0.0	0.0	0.0	0.0		0.0	0.0	
2001-03-01	0	0	0	0.0	0.0	0.0	0.0	0.0		0	0	0	0	0	0	0	0		0.0	0.0	0.0	0.0	0.0	0.0	0.0	0.0		0.0	0.0	
2001-04-01	0	0	0	0.0	0.0	0.0	0.0	0.0		0	0	0	0	0	0	0	0		0.0	0.0	0.0	0.0	0.0	0.0	0.0	0.0		0.0	0.0	
2001-05-01	0	0	0	0.0	0.0	0.0	0.0	0.0		0	0	0	0	0	0	0	0		0.0	0.0	0.0	0.0	0.0	0.0	0.0	0.0		0.0	0.0	
2001-06-01	0	0	0	0.0	0.0	0.0	0.0	0.0		0	0	0	0	0	0	0	0		0.0	0.0	0.0	0.0	0.0	0.0	0.0	0.0		0.0	0.0	
2001-07-01	0	0	0	0.0	0.0	0.0	0.0	0.0		0	0	0	0	0	0	0	0		0.0	0.0	0.0	0.0	0.0	0.0	0.0	0.0		0.0	0.0	
2001-08-01	0	0	0	0.0	0.0	0.0	0.0	0.0		0	0	0	0	0	0	0	0		0.0	0.0	0.0	0.0	0.0	0.0	0.0	0.0		0.0	0.0	
2001-09-01	0	0	0	0.0	0.0	0.0	0.0	0.0		0	0	0	0	0	0	0	0		0.0	0.0	0.0	0.0	0.0	0.0	0.0	0.0		0.0	0.0	
2001-10-01	0	0	0	0.0	0.0	0.0	0.0	0.0		0	0	0	0	0	0	0	0		0.0	0.0	0.0	0.0	0.0	0.0	0.0	0.0		0.0	0.0	
2001-11-01	0	0	0	0.0	0.0	0.0	0.0	0.0		0	0	0	0	0	0	0	0		0.0	0.0	0.0	0.0	0.0	0.0	0.0	0.0		0.0	0.0	
2001-12-01	0	0	0	0.0	0.0	0.0	0.0	0.0		0	0	0	0	0	0	0	0		0.0	0.0	0.0	0.0	0.0	0.0	0.0	0.0		0.0	0.0	
2002-01-01	0	0	0	0.0	0.0	0.0	0.0	0.0		0	0	0	0	0	0	0	0		0.0	0.0	0.0	0.0	0.0	0.0	0.0	0.0		0.0	0.0	
2002-02-01	0	0	0	0.0	0.0	0.0	0.0	0.0		0	0	0	0	0	0	0	0		0.0	0.0	0.0	0.0	0.0	0.0	0.0	0.0		0.0	0.0	
2002-03-01	0	0	0	0.0	0.0	0.0	0.0	0.0		0	0	0	0	0	0	0	0		0.0	0.0	0.0	0.0	0.0	0.0	0.0	0.0		0.0	0.0	
2002-04-01	0	0	0	0.0	0.0	0.0	0.0	0.0		0	0	0	0	0	0	0	0		0.0	0.0	0.0	0.0	0.0	0.0	0.0	0.0		0.0	0.0	
2002-05-01	0	0	0	0.0	0.0	0.0	0.0	0.0		0	0	0	0	0	0	0	0		0.0	0.0	0.0	0.0	0.0	0.0	0.0	0.0		0.0	0.0	
2002-06-01	0	0	0	0.0	0.0	0.0	0.0	0.0		0	0	0	0	0	0	0	0		0.0	0.0	0.0	0.0	0.0	0.0	0.0	0.0		0.0	0.0	
2002-07-01	0	0	0	0.0	0.0	0.0	0.0	0.0		0	0	0	0	0	0	0	0		0.0	0.0	0.0	0.0	0.0	0.0	0.0	0.0		0.0	0.0	
2002-08-01	0	0	0	0.0	0.0	0.0	0.0	0.0		0	0	0	0	0	0	0	0		0.0	0.0	0.0	0.0	0.0	0.0	0.0	0.0		0.0	0.0	
2002-09-01	0	0	0	0.0	0.0	0.0	0.0	0.0		0	0	0	0	0	0	0	0		0.0	0.0	0.0	0.0	0.0	0.0	0.0	0.0		0.0	0.0	
2002-10-01	0	0	0	0.0	0.0	0.0	0.0	0.0		0	0	0	0	0	0	0	0		0.0	0.0	0.0	0.0	0.0	0.0	0.0	0.0		0.0	0.0	
2002-11-01	0	0	0	0.0	0.0	0.0	0.0	0.0		0	0	0	0	0	0	0	0		0.0	0.0	0.0	0.0	0.0	0.0	0.0	0.0		0.0	0.0	
2002-12-01	0	0	0	0.0	0.0	0.0	0.0	0.0		0	0	0	0	0	0	0	0		0.0	0.0	0.0	0.0	0.0	0.0	0.0	0.0		0.0	0.0	
2003-01-01	0	2	0	0.0	0.0	2.0	0.0	2.0	0.0	0	0	0	0	2	0	0	0		0.0	0.0	0.0	0.0	2.0	0.0	0.0	0.0		0.0	2.0	0.0
2003-02-01	0	1	0	0.0	0.0	-1.0	0.0	-1.0	0.0	0	0	0	0	2	0	0	0		0.0	0.0	0.0	0.0	0.0	0.0	0.0	0.0		0.0	0.0	
2003-03-01	0	1	0	0.0	0.0	0.0	0.0	0.0		0	0	0	0	1	0	0	0		0.0	0.0	0.0	0.0	-1.0	0.0	0.0	0.0		0.0	-1.0	0.0
2003-04-01	0	0	0	0.0	0.0	-1.0	0.0	-1.0	0.0	0	0	0	0	1	0	0	0		0.0	0.0	0.0	0.0	0.0	0.0	0.0	0.0		0.0	0.0	
2003-05-01	0	0	0	0.0	0.0	0.0	0.0	0.0		0	0	0	0	1	0	0	0		0.0	0.0	0.0	0.0	0.0	0.0	0.0	0.0		0.0	0.0	
2003-06-01	0	0	0	0.0	0.0	0.0	0.0	0.0		0	0	0	0	1	0	0	0		0.0	0.0	0.0	0.0	0.0	0.0	0.0	0.0		0.0	0.0	
2003-07-01	0	0	0	0.0	0.0	0.0	0.0	0.0		0	0	0	0	1	0	0	0		0.0	0.0	0.0	0.0	0.0	0.0	0.0	0.0		0.0	0.0	
2003-08-01	0	0	0	0.0	0.0	0.0	0.0	0.0		0	0	0	0	1	0	0	0		0.0	0.0	0.0	0.0	0.0	0.0	0.0	0.0		0.0	0.0	
2003-09-01	0	0	0	0.0	0.0	0.0	0.0	0.0		0	0	0	1	1	0	0	0		0.0	0.0	0.0	1.0	0.0	0.0	0.0	0.0		0.0	1.0	0.0
2003-10-01	0	0	0	0.0	0.0	0.0	0.0	0.0		0	0	0	0	1	0	0	0		0.0	0.0	0.0	-1.0	0.0	0.0	0.0	0.0		0.0	-1.0	0.0
2003-11-01	0	1	0	0.0	0.0	1.0	0.0	1.0	0.0	0	0	0	0	1	0	1	0		0.0	0.0	0.0	0.0	0.0	0.0	1.0	0.0		1.0	1.0	1.0
2003-12-01	0	1	0	0.0	0.0	0.0	0.0	0.0		0	0	0	0	1	0	1	0		0.0	0.0	0.0	0.0	0.0	0.0	0.0	0.0		0.0	0.0	
2004-01-01	0	1	0	0.0	0.0	0.0	0.0	0.0		0	0	0	0	3	0	1	1		0.0	0.0	0.0	0.0	2.0	0.0	0.0	1.0		1.0	3.0	0.333333333
2004-02-01	0	1	0	0.0	0.0	0.0	0.0	0.0		1	0	3	0	3	0	2	1		1.0	0.0	3.0	0.0	0.0	0.0	1.0	0.0		5.0	5.0	1.0
2004-03-01	0	2	0	0.0	0.0	1.0	0.0	1.0	0.0	2	0	3	1	4	0	2	1		1.0	0.0	0.0	1.0	1.0	0.0	0.0	0.0		1.0	3.0	0.333333333
2004-04-01	0	1	0	0.0	0.0	-1.0	0.0	-1.0	0.0	2	0	3	1	4	0	2	2		0.0	0.0	0.0	0.0	0.0	0.0	0.0	1.0		1.0	1.0	1.0
2004-05-01	6	77	0	6.0	0.0	76.0	6.0	82.0	0.073170732	15	26	31	35	49	8	21	9		13.0	26.0	28.0	34.0	45.0	8.0	19.0	7.0		75.0	180.0	0.416666667
2004-06-01	27	403	0	21.0	0.0	326.0	21.0	347.0	0.060518732	59	108	92	189	452	31	37	19		44.0	82.0	61.0	154.0	403.0	23.0	16.0	10.0		154.0	793.0	0.194199243
2004-07-01	45	555	0	18.0	0.0	152.0	18.0	170.0	0.105882353	71	165	124	254	625	38	44	26		12.0	57.0	32.0	65.0	173.0	7.0	7.0	7.0		65.0	360.0	0.180555556
2004-08-01	52	716	0	7.0	0.0	161.0	7.0	168.0	0.041666667	96	213	172	315	820	47	52	35		25.0	48.0	48.0	61.0	195.0	9.0	8.0	9.0		99.0	403.0	0.245657568
2004-09-01	77	893	0	25.0	0.0	177.0	25.0	202.0	0.123762376	116	270	223	369	1067	61	57	47		20.0	57.0	51.0	54.0	247.0	14.0	5.0	12.0		102.0	460.0	0.22173913
2004-10-01	102	1079	0	25.0	0.0	186.0	25.0	211.0	0.118483412	141	334	322	452	1270	66	68	58		25.0	64.0	99.0	83.0	203.0	5.0	11.0	11.0		151.0	501.0	0.301397206
2004-11-01	113	1302	0	11.0	0.0	223.0	11.0	234.0	0.047008547	164	398	370	529	1498	75	80	66		23.0	64.0	48.0	77.0	228.0	9.0	12.0	8.0		100.0	469.0	0.213219616
2004-12-01	128	1504	0	15.0	0.0	202.0	15.0	217.0	0.069124424	190	463	431	602	1681	78	96	84		26.0	65.0	61.0	73.0	183.0	3.0	16.0	18.0		124.0	445.0	0.278651685
2005-01-01	145	1770	0	17.0	0.0	266.0	17.0	283.0	0.060070671	219	577	479	673	1926	88	107	95		29.0	114.0	48.0	71.0	245.0	10.0	11.0	11.0		109.0	539.0	0.202226345
2005-02-01	175	1987	0	30.0	0.0	217.0	30.0	247.0	0.12145749	242	679	536	741	2163	108	133	108		23.0	102.0	57.0	68.0	237.0	20.0	26.0	13.0		139.0	546.0	0.254578755
2005-03-01	196	2309	0	21.0	0.0	322.0	21.0	343.0	0.06122449	284	790	628	820	2464	128	162	120		42.0	111.0	92.0	79.0	301.0	20.0	29.0	12.0		195.0	686.0	0.28425656
2005-04-01	237	2716	2	41.0	2.0	407.0	43.0	450.0	0.095555556	308	930	700	924	2806	155	179	133		24.0	140.0	72.0	104.0	342.0	27.0	17.0	13.0		153.0	739.0	0.207036536
2005-05-01	280	3125	2	43.0	0.0	409.0	43.0	452.0	0.095132743	340	1037	785	1062	3112	188	195	153		32.0	107.0	85.0	138.0	306.0	33.0	16.0	20.0		186.0	737.0	0.252374491
2005-06-01	345	3519	2	65.0	0.0	394.0	65.0	459.0	0.1416122	366	1167	894	1207	3474	232	224	192		26.0	130.0	109.0	145.0	362.0	44.0	29.0	39.0		247.0	884.0	0.279411765
2005-07-01	404	4004	3	59.0	1.0	485.0	60.0	545.0	0.110091743	411	1282	990	1344	3930	253	242	207		45.0	115.0	96.0	137.0	456.0	21.0	18.0	15.0		195.0	903.0	0.215946844
2005-08-01	504	4517	4	100.0	1.0	513.0	101.0	614.0	0.164495114	444	1445	1086	1526	4459	280	270	226		33.0	163.0	96.0	182.0	529.0	27.0	28.0	19.0		203.0	1077.0	0.188486537
2005-09-01	566	4987	6	62.0	2.0	470.0	64.0	534.0	0.119850187	500	1551	1181	1713	4960	314	301	246		56.0	106.0	95.0	187.0	501.0	34.0	31.0	20.0		236.0	1030.0	0.229126214
2005-10-01	628	5526	6	62.0	0.0	539.0	62.0	601.0	0.103161398	552	1732	1281	1904	5424	343	328	283		52.0	181.0	100.0	191.0	464.0	29.0	27.0	37.0		245.0	1081.0	0.226641998
2005-11-01	716	6153	7	88.0	1.0	627.0	89.0	716.0	0.124301676	612	1884	1385	2121	5882	371	358	307		60.0	152.0	104.0	217.0	458.0	28.0	30.0	24.0		246.0	1073.0	0.229263747
2005-12-01	819	6968	7	103.0	0.0	815.0	103.0	918.0	0.112200436	672	2032	1500	2396	6484	404	403	336		60.0	148.0	115.0	275.0	602.0	33.0	45.0	29.0		282.0	1307.0	0.215761285
2006-01-01	957	7924	7	138.0	0.0	956.0	138.0	1094.0	0.126142596	736	2253	1631	2671	7146	455	438	368		64.0	221.0	131.0	275.0	662.0	51.0	35.0	32.0		313.0	1471.0	0.212780421
2006-02-01	1129	8774	8	172.0	1.0	850.0	173.0	1023.0	0.169110459	801	2486	1803	2945	7777	505	468	388		65.0	233.0	172.0	274.0	631.0	50.0	30.0	20.0		337.0	1475.0	0.228474576
2006-03-01	1303	9893	10	174.0	2.0	1119.0	176.0	1295.0	0.135907336	892	2783	2000	3260	8569	575	499	433		91.0	297.0	197.0	315.0	792.0	70.0	31.0	45.0		434.0	1838.0	0.236126224
2006-04-01	1473	10985	8	170.0	-2.0	1092.0	168.0	1260.0	0.133333333	1011	3012	2175	3626	9255	638	561	482		119.0	229.0	175.0	366.0	686.0	63.0	62.0	49.0		468.0	1749.0	0.267581475
2006-05-01	1684	12255	8	211.0	0.0	1270.0	211.0	1481.0	0.142471303	1129	3334	2380	4024	10032	698	588	522		118.0	322.0	205.0	398.0	777.0	60.0	27.0	40.0		450.0	1947.0	0.231124807
2006-06-01	1884	13482	10	200.0	2.0	1227.0	202.0	1429.0	0.141357593	1267	3634	2526	4478	10866	759	634	550		138.0	300.0	146.0	454.0	834.0	61.0	46.0	28.0		419.0	2007.0	0.208769307
2006-07-01	2108	14913	10	224.0	0.0	1431.0	224.0	1655.0	0.135347432	1401	3933	2739	4881	11726	813	695	602		134.0	299.0	213.0	403.0	860.0	54.0	61.0	52.0		514.0	2076.0	0.247591522
2006-08-01	2379	16543	11	271.0	1.0	1630.0	272.0	1902.0	0.143007361	1548	4288	2938	5410	12758	868	759	660		147.0	355.0	199.0	529.0	1032.0	55.0	64.0	58.0		523.0	2439.0	0.214432144
2006-09-01	2631	18218	14	252.0	3.0	1675.0	255.0	1930.0	0.132124352	1730	4586	3165	5928	13700	919	807	734		182.0	298.0	227.0	518.0	942.0	51.0	48.0	74.0		582.0	2340.0	0.248717949
2006-10-01	2935	19780	17	304.0	3.0	1562.0	307.0	1869.0	0.164258962	1897	4885	3462	6426	14615	992	854	775		167.0	299.0	297.0	498.0	915.0	73.0	47.0	41.0		625.0	2337.0	0.267436885
2006-11-01	3256	21459	20	321.0	3.0	1679.0	324.0	2003.0	0.161757364	2039	5184	3701	6932	15398	1070	905	880		142.0	299.0	239.0	506.0	783.0	78.0	51.0	105.0		615.0	2203.0	0.279164775
2006-12-01	3627	23232	22	371.0	2.0	1773.0	373.0	2146.0	0.173811743	2200	5559	3963	7465	15705	1145	960	930		161.0	375.0	262.0	533.0	307.0	75.0	55.0	50.0		603.0	1818.0	0.331683168
2007-01-01	4025	25313	23	398.0	1.0	2081.0	399.0	2480.0	0.160887097	2389	5963	4279	8046	16767	1224	1029	979		189.0	404.0	316.0	581.0	1062.0	79.0	69.0	49.0		702.0	2749.0	0.255365587
2007-02-01	4423	27172	26	398.0	3.0	1859.0	401.0	2260.0	0.177433628	2539	6351	4540	8664	17760	1294	1139	1035		150.0	388.0	261.0	618.0	993.0	70.0	110.0	56.0		647.0	2646.0	0.24452003
2007-03-01	4817	29228	30	394.0	4.0	2056.0	398.0	2454.0	0.162184189	2711	6755	4826	9567	18977	1389	1198	1109		172.0	404.0	286.0	903.0	1217.0	95.0	59.0	74.0		686.0	3210.0	0.213707165
2007-04-01	5293	31344	36	476.0	6.0	2116.0	482.0	2598.0	0.185527329	2921	7261	5178	10315	20008	1487	1259	1196		210.0	506.0	352.0	748.0	1031.0	98.0	61.0	87.0		808.0	3093.0	0.261235047
2007-05-01	5697	33607	40	404.0	4.0	2263.0	408.0	2671.0	0.152751778	3137	7650	5486	10981	21302	1582	1345	1298		216.0	389.0	308.0	666.0	1294.0	95.0	86.0	102.0		807.0	3156.0	0.255703422
2007-06-01	6075	35753	43	378.0	3.0	2146.0	381.0	2527.0	0.150771666	3289	8053	5792	11749	22439	1685	1429	1366		152.0	403.0	306.0	768.0	1137.0	103.0	84.0	68.0		713.0	3021.0	0.236014565
2007-07-01	6546	38032	46	471.0	3.0	2279.0	474.0	2753.0	0.172175808	3517	8496	6112	12417	23554	1768	1498	1467		228.0	443.0	320.0	668.0	1115.0	83.0	69.0	101.0		801.0	3027.0	0.264618434
2007-08-01	7076	40436	52	530.0	6.0	2404.0	536.0	2940.0	0.182312925	3715	8989	6439	13159	25286	1843	1570	1531		198.0	493.0	327.0	742.0	1732.0	75.0	72.0	64.0		736.0	3703.0	0.198757764
2007-09-01	7572	43007	59	496.0	7.0	2571.0	503.0	3074.0	0.163630449	3921	9468	6794	13970	26555	1912	1636	1649		206.0	479.0	355.0	811.0	1269.0	69.0	66.0	118.0		814.0	3373.0	0.241328194
2007-10-01	8029	45770	63	457.0	4.0	2763.0	461.0	3224.0	0.142990074	4137	9966	7172	14979	27840	1999	1696	1734		216.0	498.0	378.0	1009.0	1285.0	87.0	60.0	85.0		826.0	3618.0	0.22830293
2007-11-01	8434	48437	69	405.0	6.0	2667.0	411.0	3078.0	0.133528265	4343	10483	7420	15677	29102	2086	1752	1815		206.0	517.0	248.0	698.0	1262.0	87.0	56.0	81.0		678.0	3155.0	0.214896989
2007-12-01	8900	51058	82	466.0	13.0	2621.0	479.0	3100.0	0.154516129	4528	10956	7774	16430	30372	2168	1840	1920		185.0	473.0	354.0	753.0	1270.0	82.0	88.0	105.0		814.0	3310.0	0.24592145
2008-01-01	9546	54267	85	646.0	3.0	3209.0	649.0	3858.0	0.168221877	4724	11522	8221	17169	32031	2265	1920	2035		196.0	566.0	447.0	739.0	1659.0	97.0	80.0	115.0		935.0	3899.0	0.239805078
2008-02-01	10083	57182	88	537.0	3.0	2915.0	540.0	3455.0	0.156295224	4960	12074	8601	17916	33555	2365	2000	2108		236.0	552.0	380.0	747.0	1524.0	100.0	80.0	73.0		869.0	3692.0	0.235373781
2008-03-01	10894	61263	99	811.0	11.0	4081.0	822.0	4903.0	0.167652458	5198	12556	9012	18690	35291	2452	2105	2208		238.0	482.0	411.0	774.0	1736.0	87.0	105.0	100.0		941.0	3933.0	0.239257564
2008-04-01	11590	64359	105	696.0	6.0	3096.0	702.0	3798.0	0.184834123	5426	13120	9389	19679	36973	2564	2198	2269		228.0	564.0	377.0	989.0	1682.0	112.0	93.0	61.0		871.0	4106.0	0.212128592
2008-05-01	12138	67488	113	548.0	8.0	3129.0	556.0	3685.0	0.150881954	5692	13680	9822	20329	38625	2649	2296	2354		266.0	560.0	433.0	650.0	1652.0	85.0	98.0	85.0		967.0	3829.0	0.252546357
2008-06-01	12676	70200	116	538.0	3.0	2712.0	541.0	3253.0	0.166308023	5930	14271	10225	21077	40178	2762	2364	2430		238.0	591.0	403.0	748.0	1553.0	113.0	68.0	76.0		898.0	3790.0	0.236939314
2008-07-01	13358	73360	128	682.0	12.0	3160.0	694.0	3854.0	0.180072652	6154	14856	10614	21877	41998	2878	2448	2522		224.0	585.0	389.0	800.0	1820.0	116.0	84.0	92.0		905.0	4110.0	0.220194647
2008-08-01	14036	76783	143	678.0	15.0	3423.0	693.0	4116.0	0.168367347	6404	15538	11031	22624	43778	2985	2520	2632		250.0	682.0	417.0	747.0	1780.0	107.0	72.0	110.0		956.0	4165.0	0.229531813
2008-09-01	14593	79799	152	557.0	9.0	3016.0	566.0	3582.0	0.158012284	6579	16085	11405	23345	45321	3075	2609	2722		175.0	547.0	374.0	721.0	1543.0	90.0	89.0	90.0		818.0	3629.0	0.225406448
2008-10-01	15258	82964	160	665.0	8.0	3165.0	673.0	3838.0	0.175351746	7551	16646	11818	23969	46812	3197	2687	2876		972.0	561.0	413.0	624.0	1491.0	122.0	78.0	154.0		1739.0	4415.0	0.393884485
2008-11-01	15860	86228	165	602.0	5.0	3264.0	607.0	3871.0	0.156807027	8039	17135	12224	24531	48325	3292	2772	3009		488.0	489.0	406.0	562.0	1513.0	95.0	85.0	133.0		1207.0	3771.0	0.320074251
2008-12-01	16524	90051	172	664.0	7.0	3823.0	671.0	4494.0	0.149310191	8255	17686	12621	25285	50006	3397	2853	3115		216.0	551.0	397.0	754.0	1681.0	105.0	81.0	106.0		905.0	3891.0	0.232588024
2009-01-01	17224	93977	171	700.0	-1.0	3926.0	699.0	4625.0	0.151135135	8518	18336	13071	26018	51741	3513	2946	3271		263.0	650.0	450.0	733.0	1735.0	116.0	93.0	156.0		1078.0	4196.0	0.256911344
2009-02-01	17873	97219	176	649.0	5.0	3242.0	654.0	3896.0	0.167864476	8746	18907	13541	26641	53275	3652	3028	3376		228.0	571.0	470.0	623.0	1534.0	139.0	82.0	105.0		1024.0	3752.0	0.272921109
2009-03-01	18405	100770	183	532.0	7.0	3551.0	539.0	4090.0	0.131784841	9037	19529	14119	27429	55129	3795	3255	3539		291.0	622.0	578.0	788.0	1854.0	143.0	227.0	163.0		1402.0	4666.0	0.300471496
2009-04-01	19007	104158	190	602.0	7.0	3388.0	609.0	3997.0	0.152364273	9305	20144	14646	28115	56893	3906	3354	3639		268.0	615.0	527.0	686.0	1764.0	111.0	99.0	100.0		1105.0	4170.0	0.26498801
2009-05-01	19645	107717	196	638.0	6.0	3559.0	644.0	4203.0	0.153223888	9564	20845	15173	28913	58831	4059	3462	3795		259.0	701.0	527.0	798.0	1938.0	153.0	108.0	156.0		1203.0	4640.0	0.259267241
2009-06-01	20446	111325	201	801.0	5.0	3608.0	806.0	4414.0	0.182600816	9851	21639	15627	29640	60646	4170	3582	3921		287.0	794.0	454.0	727.0	1815.0	111.0	120.0	126.0		1098.0	4434.0	0.247631935
2009-07-01	21157	115007	214	711.0	13.0	3682.0	724.0	4406.0	0.16432138	10111	22396	16064	30355	62598	4316	3692	4013		260.0	757.0	437.0	715.0	1952.0	146.0	110.0	92.0		1045.0	4469.0	0.233833072
2009-08-01	21899	119320	219	742.0	5.0	4313.0	747.0	5060.0	0.147628458	10366	23214	16539	31032	64476	4449	3760	4133		255.0	818.0	475.0	677.0	1878.0	133.0	68.0	120.0		1051.0	4424.0	0.237567812
2009-09-01	22659	123270	223	760.0	4.0	3950.0	764.0	4714.0	0.162070429	10592	24005	16959	31650	66160	4577	3834	4230		226.0	791.0	420.0	618.0	1684.0	128.0	74.0	97.0		945.0	4038.0	0.234026746
2009-10-01	23465	127224	236	806.0	13.0	3954.0	819.0	4773.0	0.171590195	10831	24768	17400	32385	68002	4700	3919	4363		239.0	763.0	441.0	735.0	1842.0	123.0	85.0	133.0		1021.0	4361.0	0.234120615
2009-11-01	24195	131393	237	730.0	1.0	4169.0	731.0	4900.0	0.149183673	11050	25495	17768	33198	69792	4811	4021	4501		219.0	727.0	368.0	813.0	1790.0	111.0	102.0	138.0		938.0	4268.0	0.21977507
2009-12-01	24927	135295	251	732.0	14.0	3902.0	746.0	4648.0	0.160499139	11274	26202	18209	33780	71471	4932	4182	4619		224.0	707.0	441.0	582.0	1679.0	121.0	161.0	118.0		1065.0	4033.0	0.264071411
2010-01-01	25866	139995	258	939.0	7.0	4700.0	946.0	5646.0	0.167552249	11607	27026	18739	34541	73814	5076	4291	4756		333.0	824.0	530.0	761.0	2343.0	144.0	109.0	137.0		1253.0	5181.0	0.241845204
2010-02-01	26730	144289	275	864.0	17.0	4294.0	881.0	5175.0	0.170241546	11906	27847	19187	35261	75758	5198	4396	4860		299.0	821.0	448.0	720.0	1944.0	122.0	105.0	104.0		1078.0	4563.0	0.236248082
2010-03-01	27647	148879	281	917.0	6.0	4590.0	923.0	5513.0	0.167422456	12203	28776	19672	36133	77514	5318	4509	4994		297.0	929.0	485.0	872.0	1756.0	120.0	113.0	134.0		1149.0	4706.0	0.244156396
2010-04-01	28559	153152	293	912.0	12.0	4273.0	924.0	5197.0	0.177794882	12550	29683	20159	36892	79339	5457	4614	5153		347.0	907.0	487.0	759.0	1825.0	139.0	105.0	159.0		1237.0	4728.0	0.261632826
2010-05-01	29395	157688	297	836.0	4.0	4536.0	840.0	5376.0	0.15625	12818	30570	20683	37608	81427	5583	4716	5299		268.0	887.0	524.0	716.0	2088.0	126.0	102.0	146.0		1166.0	4857.0	0.240065884
2010-06-01	30229	161966	303	834.0	6.0	4278.0	840.0	5118.0	0.164126612	13051	31423	21108	38300	83298	5695	4872	5443		233.0	853.0	425.0	692.0	1871.0	112.0	156.0	144.0		1070.0	4486.0	0.23851984
2010-07-01	31131	166591	310	902.0	7.0	4625.0	909.0	5534.0	0.164257318	13332	32296	21557	39120	85808	5831	4944	5541		281.0	873.0	449.0	820.0	2510.0	136.0	72.0	98.0		1036.0	5239.0	0.197747662
2010-08-01	31958	171232	319	827.0	9.0	4641.0	836.0	5477.0	0.152638306	13600	33111	22079	39920	88713	5951	5032	5666		268.0	815.0	522.0	800.0	2905.0	120.0	88.0	125.0		1123.0	5643.0	0.19900762
2010-09-01	32943	176152	326	985.0	7.0	4920.0	992.0	5912.0	0.167794317	13863	34203	22646	40645	90734	6102	5126	5777		263.0	1092.0	567.0	725.0	2021.0	151.0	94.0	111.0		1186.0	5024.0	0.236066879
2010-10-01	33901	181218	340	958.0	14.0	5066.0	972.0	6038.0	0.160980457	14211	35184	23384	41373	93115	6219	5218	5908		348.0	981.0	738.0	728.0	2381.0	117.0	92.0	131.0		1426.0	5516.0	0.258520667
2010-11-01	34798	186102	350	897.0	10.0	4884.0	907.0	5791.0	0.156622345	14545	36282	24282	42017	95849	6365	5353	6037		334.0	1098.0	898.0	644.0	2734.0	146.0	135.0	129.0		1642.0	6118.0	0.268388362
2010-12-01	35722	190510	353	924.0	3.0	4408.0	927.0	5335.0	0.173758201	14855	37369	24986	42766	98031	6573	5458	6140		310.0	1087.0	704.0	749.0	2182.0	208.0	105.0	103.0		1430.0	5448.0	0.262481645
2011-01-01	36735	195699	361	1013.0	8.0	5189.0	1021.0	6210.0	0.164412238	15159	38190	25600	43527	100544	6744	5593	6241		304.0	821.0	614.0	761.0	2513.0	171.0	135.0	101.0		1325.0	5420.0	0.244464945
2011-02-01	37711	200663	369	976.0	8.0	4964.0	984.0	5948.0	0.165433759	15427	39286	26140	44234	102842	6972	5712	6369		268.0	1096.0	540.0	707.0	2298.0	228.0	119.0	128.0		1283.0	5384.0	0.238298663
2011-03-01	38747	205472	375	1036.0	6.0	4809.0	1042.0	5851.0	0.178089216	15723	40337	26871	45073	107884	7208	5798	6439		296.0	1051.0	731.0	839.0	5042.0	236.0	86.0	70.0		1419.0	8351.0	0.16991977
2011-04-01	39707	210564	387	960.0	12.0	5092.0	972.0	6064.0	0.160290237	16102	41215	27482	45995	153878	7405	5887	6594		379.0	878.0	611.0	922.0	45994.0	197.0	89.0	155.0		1431.0	49225.0	0.029070594
2011-05-01	40610	215170	398	903.0	11.0	4606.0	914.0	5520.0	0.16557971	16661	42068	28033	46835	166918	7537	6055	6723		559.0	853.0	551.0	840.0	13040.0	132.0	168.0	129.0		1539.0	16272.0	0.094579646
2011-06-01	41690	219930	407	1080.0	9.0	4760.0	1089.0	5849.0	0.186185673	16961	43039	28433	47641	171063	7669	6170	6861		300.0	971.0	400.0	806.0	4145.0	132.0	115.0	138.0		1085.0	7007.0	0.154845155
2011-07-01	42557	224387	412	867.0	5.0	4457.0	872.0	5329.0	0.163632952	17233	43967	29016	48545	173583	7812	6358	6978		272.0	928.0	583.0	904.0	2520.0	143.0	188.0	117.0		1303.0	5655.0	0.230415561
2011-08-01	43660	229598	417	1103.0	5.0	5211.0	1108.0	6319.0	0.1753442	17553	44949	29589	49255	176014	7979	6478	7124		320.0	982.0	573.0	710.0	2431.0	167.0	120.0	146.0		1326.0	5449.0	0.243347403
2011-09-01	44531	234378	426	871.0	9.0	4780.0	880.0	5660.0	0.155477032	17781	45865	30141	49975	178572	8127	6592	7398		228.0	916.0	552.0	720.0	2558.0	148.0	114.0	274.0		1316.0	5510.0	0.238838475
2011-10-01	45544	239129	433	1013.0	7.0	4751.0	1020.0	5771.0	0.176745798	18073	46801	30644	50528	180784	8272	6669	7697		292.0	936.0	503.0	553.0	2212.0	145.0	77.0	299.0		1316.0	5017.0	0.262308152
2011-11-01	46604	244225	441	1060.0	8.0	5096.0	1068.0	6164.0	0.173264114	18353	47748	31241	51221	183312	8395	6772	7850		280.0	947.0	597.0	693.0	2528.0	123.0	103.0	153.0		1256.0	5424.0	0.231563422
2011-12-01	47662	249518	446	1058.0	5.0	5293.0	1063.0	6356.0	0.167243549	18750	49336	31818	51943	185829	8564	6948	7984		397.0	1588.0	577.0	722.0	2517.0	169.0	176.0	134.0		1453.0	6280.0	0.231369427
2012-01-01	48600	255222	457	938.0	11.0	5704.0	949.0	6653.0	0.142642417	19079	50594	32436	52676	189450	8750	7077	8115		329.0	1258.0	618.0	733.0	3621.0	186.0	129.0	131.0		1393.0	7005.0	0.198857959
2012-02-01	49728	260581	470	1128.0	13.0	5359.0	1141.0	6500.0	0.175538462	19380	51689	32996	53479	192359	8901	7234	8240		301.0	1095.0	560.0	803.0	2909.0	151.0	157.0	125.0		1294.0	6101.0	0.212096378
2012-03-01	50814	265946	474	1086.0	4.0	5365.0	1090.0	6455.0	0.168861348	19695	52815	33679	54304	194957	9048	7418	8401		315.0	1126.0	683.0	825.0	2598.0	147.0	184.0	161.0		1490.0	6039.0	0.246729591
2012-04-01	51792	271051	477	978.0	3.0	5105.0	981.0	6086.0	0.161189616	19970	53763	34409	54993	197762	9205	7579	8591		275.0	948.0	730.0	689.0	2805.0	157.0	161.0	190.0		1513.0	5955.0	0.254072208
2012-05-01	52993	275946	489	1201.0	12.0	4895.0	1213.0	6108.0	0.19859201	20320	54635	35075	55752	199976	9429	7675	8697		350.0	872.0	666.0	759.0	2214.0	224.0	96.0	106.0		1442.0	5287.0	0.272744468
2012-06-01	54119	281184	499	1126.0	10.0	5238.0	1136.0	6374.0	0.178224035	20147	55654	35678	56692	202183	9615	7780	8915		-173.0	1019.0	603.0	940.0	2207.0	186.0	105.0	218.0		939.0	5105.0	0.183937316
2012-07-01	55343	286616	498	1224.0	-1.0	5432.0	1223.0	6655.0	0.1837716	20390	56692	36380	57409	204837	9780	7890	9069		243.0	1038.0	702.0	717.0	2654.0	165.0	110.0	154.0		1374.0	5783.0	0.237592945
2012-08-01	56607	292155	511	1264.0	13.0	5539.0	1277.0	6816.0	0.187353286	20649	57612	36971	58549	208039	9957	7988	9179		259.0	920.0	591.0	1140.0	3202.0	177.0	98.0	110.0		1235.0	6497.0	0.190087733
2012-09-01	57727	297362	518	1120.0	7.0	5207.0	1127.0	6334.0	0.177928639	20945	58604	37721	59392	212222	10142	8115	9344		296.0	992.0	750.0	843.0	4183.0	185.0	127.0	165.0		1523.0	7541.0	0.201962604
2012-10-01	58813	302595	525	1086.0	7.0	5233.0	1093.0	6326.0	0.172779007	21216	59628	38524	60898	215414	10329	8228	9513		271.0	1024.0	803.0	1506.0	3192.0	187.0	113.0	169.0		1543.0	7265.0	0.212388162
2012-11-01	59945	307864	533	1132.0	8.0	5269.0	1140.0	6409.0	0.177874863	21476	60666	39280	63204	216867	10494	8338	9667		260.0	1038.0	756.0	2306.0	1453.0	165.0	110.0	154.0		1445.0	6242.0	0.231496315
2012-12-01	61149	313484	537	1204.0	4.0	5620.0	1208.0	6828.0	0.176918571	21707	61773	39970	64756	219740	10687	8452	9807		231.0	1107.0	690.0	1552.0	2873.0	193.0	114.0	140.0		1368.0	6900.0	0.19826087
2013-01-01	62487	319513	545	1338.0	8.0	6029.0	1346.0	7375.0	0.182508475	21991	63017	40685	66632	221685	10847	8592	9972		284.0	1244.0	715.0	1876.0	1945.0	160.0	140.0	165.0		1464.0	6529.0	0.224230357
2013-02-01	63458	324115	554	971.0	9.0	4602.0	980.0	5582.0	0.175564314	22360	63782	41125	66734	222700	10931	8627	10119		369.0	765.0	440.0	102.0	1015.0	84.0	35.0	147.0		1075.0	2957.0	0.363544133
2013-03-01	63521	322875	556	63.0	2.0	-1240.0	65.0	-1175.0	-0.055319149	21645	62787	40717	66417	220920	10614	8072	9967		-715.0	-995.0	-408.0	-317.0	-1780.0	-317.0	-555.0	-152.0		-2147.0	-5239.0	0.409811033
2013-04-01	64682	327605	560	1161.0	4.0	4730.0	1165.0	5895.0	0.197625106	21717	63492	41110	66966	221577	10680	8092	10050		72.0	705.0	393.0	549.0	657.0	66.0	20.0	83.0		634.0	2545.0	0.249115914
2013-05-01	65932	333365	567	1250.0	7.0	5760.0	1257.0	7017.0	0.179136383	21939	64385	41737	67607	223352	10840	8184	10209		222.0	893.0	627.0	641.0	1775.0	160.0	92.0	159.0		1260.0	4569.0	0.275771504
2013-06-01	67103	338786	573	1171.0	6.0	5421.0	1177.0	6598.0	0.17838739	22185	65340	42307	68234	225164	10987	8282	10361		246.0	955.0	570.0	627.0	1812.0	147.0	98.0	152.0		1213.0	4607.0	0.263294986
2013-07-01	68448	344342	588	1345.0	15.0	5556.0	1360.0	6916.0	0.19664546	22400	66269	42947	69056	226814	11167	8378	10519		215.0	929.0	640.0	822.0	1650.0	180.0	96.0	158.0		1289.0	4690.0	0.274840085
2013-08-01	69714	349826	598	1266.0	10.0	5484.0	1276.0	6760.0	0.188757396	22609	67533	43617	69896	229053	11280	8433	10665		209.0	1264.0	670.0	840.0	2239.0	113.0	55.0	146.0		1193.0	5536.0	0.215498555
2013-09-01	70752	354553	605	1038.0	7.0	4727.0	1045.0	5772.0	0.181046431	22794	68386	44167	70577	230854	11410	8486	10806		185.0	853.0	550.0	681.0	1801.0	130.0	53.0	141.0		1059.0	4394.0	0.241010469
2013-10-01	71891	359780	615	1139.0	10.0	5227.0	1149.0	6376.0	0.180207026	22964	69356	45107	71198	233401	11532	8558	10882		170.0	970.0	940.0	621.0	2547.0	122.0	72.0	76.0		1380.0	5518.0	0.250090613
2013-11-01	72960	364902	623	1069.0	8.0	5122.0	1077.0	6199.0	0.1737377	23207	70283	45883	71931	235343	11670	8628	10987		243.0	927.0	776.0	733.0	1942.0	138.0	70.0	105.0		1332.0	4934.0	0.269963518
2013-12-01	74108	370228	635	1148.0	12.0	5326.0	1160.0	6486.0	0.178846747	23366	71128	46649	72659	237315	11804	8709	11145		159.0	845.0	766.0	728.0	1972.0	134.0	81.0	158.0		1298.0	4843.0	0.268015693
2014-01-01	75558	376288	642	1450.0	7.0	6060.0	1457.0	7517.0	0.193827325	23617	72369	47454	73616	238717	11964	8816	11262		251.0	1241.0	805.0	957.0	1402.0	160.0	107.0	117.0		1440.0	5040.0	0.285714286
2014-02-01	76917	381807	646	1359.0	4.0	5519.0	1363.0	6882.0	0.198052892	23824	73238	48144	74403	240261	12080	8896	11367		207.0	869.0	690.0	787.0	1544.0	116.0	80.0	105.0		1198.0	4398.0	0.272396544
2014-03-01	78372	387635	652	1455.0	6.0	5828.0	1461.0	7289.0	0.200439018	24079	74349	48851	75239	242548	12243	8979	11545		255.0	1111.0	707.0	836.0	2287.0	163.0	83.0	178.0		1386.0	5620.0	0.246619217
2014-04-01	79674	393135	659	1302.0	7.0	5500.0	1309.0	6809.0	0.192245557	24277	75275	49530	76053	244967	12397	9083	11666		198.0	926.0	679.0	814.0	2419.0	154.0	104.0	121.0		1256.0	5415.0	0.231948292
2014-05-01	81014	399266	676	1340.0	17.0	6131.0	1357.0	7488.0	0.181223291	24493	76206	50269	76778	247303	12517	9182	11879		216.0	931.0	739.0	725.0	2336.0	120.0	99.0	213.0		1387.0	5379.0	0.25785462
2014-06-01	82234	404906	691	1220.0	15.0	5640.0	1235.0	6875.0	0.179636364	24654	77080	50900	77419	249214	12625	9268	12120		161.0	874.0	631.0	641.0	1911.0	108.0	86.0	241.0		1227.0	4653.0	0.263700838
2014-07-01	83616	411268	701	1382.0	10.0	6362.0	1392.0	7754.0	0.179520248	24919	78094	51522	80903	251294	12817	9374	12394		265.0	1014.0	622.0	3484.0	2080.0	192.0	106.0	274.0		1459.0	8037.0	0.181535399
2014-08-01	84953	417170	721	1337.0	20.0	5902.0	1357.0	7259.0	0.18694035	25122	79221	52201	81693	253437	13001	9472	12607		203.0	1127.0	679.0	790.0	2143.0	184.0	98.0	213.0		1377.0	5437.0	0.253264668
2014-09-01	86260	422308	731	1307.0	10.0	5138.0	1317.0	6455.0	0.204027885	25306	80194	52894	82186	255555	13134	9562	12752		184.0	973.0	693.0	493.0	2118.0	133.0	90.0	145.0		1245.0	4829.0	0.257817353
2014-10-01	87533	428079	743	1273.0	12.0	5771.0	1285.0	7056.0	0.182114512	25518	81298	53687	82768	257659	13273	9640	12930		212.0	1104.0	793.0	582.0	2104.0	139.0	78.0	178.0		1400.0	5190.0	0.269749518
2014-11-01	88847	433890	756	1314.0	13.0	5811.0	1327.0	7138.0	0.185906416	25754	82159	54330	83346	259710	13408	9738	13254		236.0	861.0	643.0	578.0	2051.0	135.0	98.0	324.0		1436.0	4926.0	0.291514413
2014-12-01	90190	439976	769	1343.0	13.0	6086.0	1356.0	7442.0	0.182209084	26040	83186	55076	83980	261890	13595	9837	13506		286.0	1027.0	746.0	634.0	2180.0	187.0	99.0	252.0		1570.0	5411.0	0.290149695
2015-01-01	91646	446892	790	1456.0	21.0	6916.0	1477.0	8393.0	0.175979983	26358	84285	55861	84558	264519	13764	9962	13652		318.0	1099.0	785.0	578.0	2629.0	169.0	125.0	146.0		1543.0	5849.0	0.263805779
2015-02-01	92928	452750	807	1282.0	17.0	5858.0	1299.0	7157.0	0.181500629	26537	85407	56431	85098	266861	13906	10055	13829		179.0	1122.0	570.0	540.0	2342.0	142.0	93.0	177.0		1161.0	5165.0	0.224782188
2015-03-01	94796	459353	823	1868.0	16.0	6603.0	1884.0	8487.0	0.221986568	26779	86688	57262	85703	269877	14064	10158	13944		242.0	1281.0	831.0	605.0	3016.0	158.0	103.0	115.0		1449.0	6351.0	0.228153047
2015-04-01	96290	465382	836	1494.0	13.0	6029.0	1507.0	7536.0	0.199973461	27004	87822	58008	86379	272370	14197	10248	14086		225.0	1134.0	746.0	676.0	2493.0	133.0	90.0	142.0		1336.0	5639.0	0.23692144
2015-05-01	97758	471855	845	1468.0	9.0	6473.0	1477.0	7950.0	0.185786164	27394	88977	58717	86917	274610	14335	10330	14237		390.0	1155.0	709.0	538.0	2240.0	138.0	82.0	151.0		1470.0	5403.0	0.272071072
2015-06-01	99170	477695	859	1412.0	14.0	5840.0	1426.0	7266.0	0.196256537	27729	89866	59254	87621	276636	14543	10402	14339		335.0	889.0	537.0	704.0	2026.0	208.0	72.0	102.0		1254.0	4873.0	0.257336343
2015-07-01	100650	484038	874	1480.0	15.0	6343.0	1495.0	7838.0	0.190737433	27992	90911	59971	89288	279145	14724	10486	14497		263.0	1045.0	717.0	1667.0	2509.0	181.0	84.0	158.0		1403.0	6624.0	0.211805556
2015-08-01	102152	490185	895	1502.0	21.0	6147.0	1523.0	7670.0	0.198565841	28240	91909	60751	90396	281630	14933	10587	14642		248.0	998.0	780.0	1108.0	2485.0	209.0	101.0	145.0		1483.0	6074.0	0.244155417
2015-09-01	103561	496215	910	1409.0	15.0	6030.0	1424.0	7454.0	0.191038369	28495	92858	61367	91100	283932	15145	10676	14853		255.0	949.0	616.0	704.0	2302.0	212.0	89.0	211.0		1383.0	5338.0	0.2590858
2015-10-01	105611	502772	921	2050.0	11.0	6557.0	2061.0	8618.0	0.239150615	28783	93965	62128	91672	286278	15359	10769	15048		288.0	1107.0	761.0	572.0	2346.0	214.0	93.0	195.0		1551.0	5576.0	0.278156385
2015-11-01	107220	509490	943	1609.0	22.0	6718.0	1631.0	8349.0	0.195352737	29033	95338	63227	92265	288842	15533	10885	15332		250.0	1373.0	1099.0	593.0	2564.0	174.0	116.0	284.0		1923.0	6453.0	0.29800093
2015-12-01	108577	515610	956	1357.0	13.0	6120.0	1370.0	7490.0	0.182910547	29375	96488	64292	92863	291351	15689	11022	15535		342.0	1150.0	1065.0	598.0	2509.0	156.0	137.0	203.0		1903.0	6160.0	0.308928571
2016-01-01	110272	522617	971	1695.0	15.0	7007.0	1710.0	8717.0	0.196168407	29776	97994	65207	93481	294857	15906	11147	15676		401.0	1506.0	915.0	618.0	3506.0	217.0	125.0	141.0		1799.0	7429.0	0.242159106
2016-02-01	111612	527766	985	1340.0	14.0	5149.0	1354.0	6503.0	0.208211595	30299	99127	66012	94129	297207	16024	11299	15876		523.0	1133.0	805.0	648.0	2350.0	118.0	152.0	200.0		1798.0	5929.0	0.303255186
2016-03-01	113524	533261	998	1912.0	13.0	5495.0	1925.0	7420.0	0.259433962	30787	101058	67077	94648	300961	16150	11500	16079		488.0	1931.0	1065.0	519.0	3754.0	126.0	201.0	203.0		2083.0	8287.0	0.251357548
2016-04-01	115221	538404	1011	1697.0	13.0	5143.0	1710.0	6853.0	0.249525755	31935	110919	67905	95186	303720	16399	11685	16277		1148.0	9861.0	828.0	538.0	2759.0	249.0	185.0	198.0		2608.0	15766.0	0.165419257
2016-05-01	116821	544439	1033	1600.0	22.0	6035.0	1622.0	7657.0	0.21183231	32533	112575	68620	96761	314845	16635	11901	16434		598.0	1656.0	715.0	1575.0	11125.0	236.0	216.0	157.0		1922.0	16278.0	0.118073473
2016-06-01	118272	550382	1047	1451.0	14.0	5943.0	1465.0	7408.0	0.197759179	33083	114612	69473	97514	318612	16817	12165	16629		550.0	2037.0	853.0	753.0	3767.0	182.0	264.0	195.0		2044.0	8601.0	0.237646785
2016-07-01	119910	556677	1055	1638.0	8.0	6295.0	1646.0	7941.0	0.20727868	33420	115869	70241	98189	320748	16978	12330	16807		337.0	1257.0	768.0	675.0	2136.0	161.0	165.0	178.0		1609.0	5677.0	0.283424344
2016-08-01	121647	562915	1070	1737.0	15.0	6238.0	1752.0	7990.0	0.219274093	33721	117660	71011	98829	323683	17329	12475	17762		301.0	1791.0	770.0	640.0	2935.0	351.0	145.0	955.0		2522.0	7888.0	0.319726166
2016-09-01	123253	568556	1093	1606.0	23.0	5641.0	1629.0	7270.0	0.224071527	34041	118699	71845	99355	326652	17551	12690	18336		320.0	1039.0	834.0	526.0	2969.0	222.0	215.0	574.0		2165.0	6699.0	0.323182565
2016-10-01	124924	574763	1101	1671.0	8.0	6207.0	1679.0	7886.0	0.212908953	34543	119893	72618	99926	329039	17746	12948	18564		502.0	1194.0	773.0	571.0	2387.0	195.0	258.0	228.0		1956.0	6108.0	0.320235756
2016-11-01	126546	581068	1127	1622.0	26.0	6305.0	1648.0	7953.0	0.207217402	35376	120981	73690	100487	332474	17965	13228	18876		833.0	1088.0	1072.0	561.0	3435.0	219.0	280.0	312.0		2716.0	7800.0	0.348205128
2016-12-01	128279	587377	1142	1733.0	15.0	6309.0	1748.0	8057.0	0.216954201	35682	122034	74454	101111	334695	18192	13371	19119		306.0	1053.0	764.0	624.0	2221.0	227.0	143.0	243.0		1683.0	5581.0	0.30155886
2017-01-01	130084	594224	1155	1805.0	13.0	6847.0	1818.0	8665.0	0.209809579	36092	126731	75336	101797	338183	18483	13571	19305		410.0	4697.0	882.0	686.0	3488.0	291.0	200.0	186.0		1969.0	10840.0	0.181642066
2017-02-01	131871	600093	1172	1787.0	17.0	5869.0	1804.0	7673.0	0.235110126	36380	128219	76471	102138	340511	18715	13720	19508		288.0	1488.0	1135.0	341.0	2328.0	232.0	149.0	203.0		2007.0	6164.0	0.32560026
2017-03-01	134395	606837	1189	2524.0	17.0	6744.0	2541.0	9285.0	0.273667205	36854	129548	77317	102815	342818	18940	14073	19638		474.0	1329.0	846.0	677.0	2307.0	225.0	353.0	130.0		2028.0	6341.0	0.319823372
2017-04-01	136400	613439	1209	2005.0	20.0	6602.0	2025.0	8627.0	0.234728179	37245	131266	78149	103359	345095	19165	14148	19781		391.0	1718.0	832.0	544.0	2277.0	225.0	75.0	143.0		1666.0	6205.0	0.268493151
2017-05-01	138130	619765	1221	1730.0	12.0	6326.0	1742.0	8068.0	0.215914725	37542	132528	79189	103756	347193	19363	14253	19927		297.0	1262.0	1040.0	397.0	2098.0	198.0	105.0	146.0		1786.0	5543.0	0.322208191
2017-06-01	139782	625727	1236	1652.0	15.0	5962.0	1667.0	7629.0	0.218508324	37880	133509	79898	108998	349149	19586	14374	20052		338.0	981.0	709.0	5242.0	1956.0	223.0	121.0	125.0		1516.0	9695.0	0.156369263
2017-07-01	141778	632312	1252	1996.0	16.0	6585.0	2012.0	8597.0	0.234035129	38139	134569	80812	114458	351017	19811	14524	20233		259.0	1060.0	914.0	5460.0	1868.0	225.0	150.0	181.0		1729.0	10117.0	0.170900465
2017-08-01	143681	638458	1268	1903.0	16.0	6146.0	1919.0	8065.0	0.237941723	38401	135649	81684	119128	353366	20038	14657	20332		262.0	1080.0	872.0	4670.0	2349.0	227.0	133.0	99.0		1593.0	9692.0	0.164362361
2017-09-01	145407	644522	1289	1726.0	21.0	6064.0	1747.0	7811.0	0.223658943	38708	136768	82480	122494	355561	20252	14760	20489		307.0	1119.0	796.0	3366.0	2195.0	214.0	103.0	157.0		1577.0	8257.0	0.190989463
2017-10-01	147503	651477	1308	2096.0	19.0	6955.0	2115.0	9070.0	0.233186329	38913	137909	83388	123077	357912	20537	14895	20903		205.0	1141.0	908.0	583.0	2351.0	285.0	135.0	414.0		1947.0	6022.0	0.323314513
2017-11-01	149768	658404	1321	2265.0	13.0	6927.0	2278.0	9205.0	0.247474199	39093	139138	84529	123633	360088	20848	15038	21194		180.0	1229.0	1141.0	556.0	2176.0	311.0	143.0	291.0		2066.0	6027.0	0.342790775
2017-12-01	151844	665388	1343	2076.0	22.0	6984.0	2098.0	9082.0	0.231006386	39358	140448	85571	124271	362432	21061	15173	21378		265.0	1310.0	1042.0	638.0	2344.0	213.0	135.0	184.0		1839.0	6131.0	0.299951068
2018-01-01	154500	674829	1365	2656.0	22.0	9441.0	2678.0	12119.0	0.220975328	39739	143413	86914	124938	365208	21333	15354	21619		381.0	2965.0	1343.0	667.0	2776.0	272.0	181.0	241.0		2418.0	8826.0	0.27396329
2018-02-01	156524	681404	1395	2024.0	30.0	6575.0	2054.0	8629.0	0.238034535	40053	144641	88275	125505	366918	21553	15485	21823		314.0	1228.0	1361.0	567.0	1710.0	220.0	131.0	204.0		2230.0	5735.0	0.388840453
2018-03-01	159594	688640	1422	3070.0	27.0	7236.0	3097.0	10333.0	0.299719346	40353	145885	89229	126190	371219	21747	15609	22057		300.0	1244.0	954.0	685.0	4301.0	194.0	124.0	234.0		1806.0	8036.0	0.224738676
2018-04-01	161976	695672	1455	2382.0	33.0	7032.0	2415.0	9447.0	0.25563671	40558	147042	90227	126845	373280	21956	15719	22297		205.0	1157.0	998.0	655.0	2061.0	209.0	110.0	240.0		1762.0	5635.0	0.312688554
2018-05-01	163967	702588	1469	1991.0	14.0	6916.0	2005.0	8921.0	0.224750588	40835	148420	90880	127596	375488	22186	15832	22595		277.0	1378.0	653.0	751.0	2208.0	230.0	113.0	298.0		1571.0	5908.0	0.26591063
2018-06-01	166059	709594	1484	2092.0	15.0	7006.0	2107.0	9113.0	0.231208164	41094	149762	91631	128522	377352	22374	15936	22847		259.0	1342.0	751.0	926.0	1864.0	188.0	104.0	252.0		1554.0	5686.0	0.273302849
2018-07-01	169182	716555	1509	3123.0	25.0	6961.0	3148.0	10109.0	0.311405678	41406	150887	92969	130036	379147	22551	16036	23093		312.0	1125.0	1338.0	1514.0	1795.0	177.0	100.0	246.0		2173.0	6607.0	0.328893598
2018-08-01	171359	723847	1530	2177.0	21.0	7292.0	2198.0	9490.0	0.231612223	41615	151698	93969	130813	381159	22722	16130	23322		209.0	811.0	1000.0	777.0	2012.0	171.0	94.0	229.0		1703.0	5303.0	0.321138978
2018-09-01	173487	730243	1549	2128.0	19.0	6396.0	2147.0	8543.0	0.251316868	41873	152664	94917	131426	383201	22953	16231	23574		258.0	966.0	948.0	613.0	2042.0	231.0	101.0	252.0		1790.0	5411.0	0.330807614
2018-10-01	175817	737888	1578	2330.0	29.0	7645.0	2359.0	10004.0	0.235805678	42387	153706	95842	132160	385418	23127	16379	23766		514.0	1042.0	925.0	734.0	2217.0	174.0	148.0	192.0		1953.0	5946.0	0.328456105
2018-11-01	177810	745108	1606	1993.0	28.0	7220.0	2021.0	9241.0	0.218699275	42669	154901	96965	132662	387318	23355	16485	24078		282.0	1195.0	1123.0	502.0	1900.0	228.0	106.0	312.0		2051.0	5648.0	0.363137394
2018-12-01	179875	752498	1629	2065.0	23.0	7390.0	2088.0	9478.0	0.220299641	42920	156115	97798	133187	389246	23592	16596	24557		251.0	1214.0	833.0	525.0	1928.0	237.0	111.0	479.0		1911.0	5578.0	0.342595913
2019-01-01	182061	760114	1674	2186.0	45.0	7616.0	2231.0	9847.0	0.226566467	43211	157277	98605	133819	390489	23763	16709	24872		291.0	1162.0	807.0	632.0	1243.0	171.0	113.0	315.0		1697.0	4734.0	0.358470638
2019-02-01	184345	767199	1704	2284.0	30.0	7085.0	2314.0	9399.0	0.246196404	43507	158527	99658	134408	394303	23932	16854	25078		296.0	1250.0	1053.0	589.0	3814.0	169.0	145.0	206.0		1869.0	7522.0	0.248471151
2019-03-01	187964	774620	1747	3619.0	43.0	7421.0	3662.0	11083.0	0.330415952	43749	159813	100624	135045	395822	24118	17098	25245		242.0	1286.0	966.0	637.0	1519.0	186.0	244.0	167.0		1805.0	5247.0	0.344006099
2019-04-01	190438	781781	1782	2474.0	35.0	7161.0	2509.0	9670.0	0.259462254	43925	161123	101544	135608	397749	24336	17522	25631		176.0	1310.0	920.0	563.0	1927.0	218.0	424.0	386.0		2124.0	5924.0	0.358541526
2019-05-01	193010	789447	1805	2572.0	23.0	7666.0	2595.0	10261.0	0.252899328	44251	162442	102600	136348	399776	24541	17689	25815		326.0	1319.0	1056.0	740.0	2027.0	205.0	167.0	184.0		1938.0	6024.0	0.321713147
2019-06-01	195323	796686	1828	2313.0	23.0	7239.0	2336.0	9575.0	0.243968668	44575	163607	103453	137104	401924	24796	17866	26347		324.0	1165.0	853.0	756.0	2148.0	255.0	177.0	532.0		2141.0	6210.0	0.344766506
2019-07-01	197691	803660	1845	2368.0	17.0	6974.0	2385.0	9359.0	0.254834918	44884	164846	104400	137724	403831	24941	18035	26638		309.0	1239.0	947.0	620.0	1907.0	145.0	169.0	291.0		1861.0	5627.0	0.330726853
2019-08-01	199713	810798	1877	2022.0	32.0	7138.0	2054.0	9192.0	0.223455178	45186	166190	105317	138491	405853	25105	18173	26908		302.0	1344.0	917.0	767.0	2022.0	164.0	138.0	270.0		1791.0	5924.0	0.302329507
2019-09-01	201957	817695	1914	2244.0	37.0	6897.0	2281.0	9178.0	0.248529091	45470	167283	106107	139104	407689	25295	18294	27073		284.0	1093.0	790.0	613.0	1836.0	190.0	121.0	165.0		1550.0	5092.0	0.304399057
2019-10-01	204474	825428	1933	2517.0	19.0	7733.0	2536.0	10269.0	0.24695686	45727	168942	107117	139983	409961	25524	18468	27440		257.0	1659.0	1010.0	879.0	2272.0	229.0	174.0	367.0		2037.0	6847.0	0.297502556
2019-11-01	207115	832787	1972	2641.0	39.0	7359.0	2680.0	10039.0	0.26695886	45952	170360	108360	141289	412170	25765	18608	28255		225.0	1418.0	1243.0	1306.0	2209.0	241.0	140.0	815.0		2664.0	7597.0	0.350664736
2019-12-01	209613	840348	1990	2498.0	18.0	7561.0	2516.0	10077.0	0.249677483	46170	172257	109409	142063	414288	25980	18774	28717		218.0	1897.0	1049.0	774.0	2118.0	215.0	166.0	462.0		2110.0	6899.0	0.305841426
2020-01-01	212274	848617	2021	2661.0	31.0	8269.0	2692.0	10961.0	0.245598029	46438	174043	110425	142822	416541	26261	18946	29070		268.0	1786.0	1016.0	759.0	2253.0	281.0	172.0	353.0		2090.0	6888.0	0.303426249
2020-02-01	215108	856227	2064	2834.0	43.0	7610.0	2877.0	10487.0	0.274339659	46654	175590	111483	143688	418677	26446	19101	29346		216.0	1547.0	1058.0	866.0	2136.0	185.0	155.0	276.0		1890.0	6439.0	0.293523839
2020-03-01	219253	864507	2111	4145.0	47.0	8280.0	4192.0	12472.0	0.336112893	46972	177010	112982	144568	421694	26712	19330	29615		318.0	1420.0	1499.0	880.0	3017.0	266.0	229.0	269.0		2581.0	7898.0	0.326791593
2020-04-01	223106	874072	2158	3853.0	47.0	9565.0	3900.0	13465.0	0.289639807	47363	178809	114184	145267	425167	27061	19604	30020		391.0	1799.0	1202.0	699.0	3473.0	349.0	274.0	405.0		2621.0	8592.0	0.30505121
2020-05-01	226463	884159	2198	3357.0	40.0	10087.0	3397.0	13484.0	0.251928211	47790	180645	116069	146432	428275	27325	19929	30374		427.0	1836.0	1885.0	1165.0	3108.0	264.0	325.0	354.0		3255.0	9364.0	0.34760786
2020-06-01	229417	893195	2248	2954.0	50.0	9036.0	3004.0	12040.0	0.249501661	48132	182160	117121	147331	431211	27581	20186	30724		342.0	1515.0	1052.0	899.0	2936.0	256.0	257.0	350.0		2257.0	7607.0	0.296700408
2020-07-01	232451	902546	2285	3034.0	37.0	9351.0	3071.0	12422.0	0.247222669	48382	183580	118275	148591	434766	27790	20389	31142		250.0	1420.0	1154.0	1260.0	3555.0	209.0	203.0	418.0		2234.0	8469.0	0.263785571
2020-08-01	235424	912009	2311	2973.0	26.0	9463.0	2999.0	12462.0	0.240651581	48704	184724	119261	149611	437560	28083	20609	31493		322.0	1144.0	986.0	1020.0	2794.0	293.0	220.0	351.0		2172.0	7130.0	0.304628331
2020-09-01	238185	920338	2341	2761.0	30.0	8329.0	2791.0	11120.0	0.250989209	48998	185960	120418	150419	439946	28341	20776	31855		294.0	1236.0	1157.0	808.0	2386.0	258.0	167.0	362.0		2238.0	6668.0	0.335632873
2020-10-01	241214	929582	2367	3029.0	26.0	9244.0	3055.0	12299.0	0.248394178	49468	187499	121687	151367	442465	28590	20977	32247		470.0	1539.0	1269.0	948.0	2519.0	249.0	201.0	392.0		2581.0	7587.0	0.340187162
2020-11-01	244225	938265	2401	3011.0	34.0	8683.0	3045.0	11728.0	0.259635061	49710	189371	123424	152167	451866	28928	21132	32709	224.0	242.0	1872.0	1737.0	800.0	9401.0	338.0	155.0	462.0		2934.0	15007.0	0.195508763
2020-12-01	247171	947364	2453	2946.0	52.0	9099.0	2998.0	12097.0	0.247830041	50013	190904	124851	152975	455197	29170	21292	33089	227.0	303.0	1533.0	1427.0	808.0	3331.0	242.0	160.0	380.0		2512.0	8184.0	0.306940371
2021-01-01	250299	957732	2504	3128.0	51.0	10368.0	3179.0	13547.0	0.234664501	50667	192565	126302	153909	458228	29441	21478	33457	231.0	654.0	1661.0	1451.0	934.0	3031.0	271.0	186.0	368.0		2930.0	8556.0	0.342449743
2021-02-01	253505	966807	2570	3206.0	66.0	9075.0	3272.0	12347.0	0.265003645	51019	193944	127471	154741	461014	29686	21645	33784	232.0	352.0	1379.0	1169.0	832.0	2786.0	245.0	167.0	327.0		2260.0	7257.0	0.311423453
2021-03-01	258216	976411	2631	4711.0	61.0	9604.0	4772.0	14376.0	0.331942126	51423	195442	128757	155699	466216	29949	21827	34069	232.0	404.0	1498.0	1286.0	958.0	5202.0	263.0	182.0	285.0		2420.0	10078.0	0.240127009
2021-04-01	261789	985519	2676	3573.0	45.0	9108.0	3618.0	12726.0	0.284299859	51784	196908	129719	156475	471174	30121	22006	34188	233.0	361.0	1466.0	962.0	776.0	4958.0	172.0	179.0	119.0		1793.0	8993.0	0.199377293
2021-05-01	265039	995280	2717	3250.0	41.0	9761.0	3291.0	13052.0	0.252145265	52135	198693	130766	157277	474318	30330	22201	34541	233.0	351.0	1785.0	1047.0	802.0	3144.0	209.0	195.0	353.0		2155.0	7886.0	0.273269084
2021-06-01	267779	1004359	2767	2740.0	50.0	9079.0	2790.0	11869.0	0.235066139	52409	199824	131796	158169	476557	30471	22430	34848	233.0	274.0	1131.0	1030.0	892.0	2239.0	141.0	229.0	307.0		1981.0	6243.0	0.317315393
2021-07-01	270986	1014334	2796	3207.0	29.0	9975.0	3236.0	13211.0	0.244947392	52724	201196	133028	157269	478874	30673	22665	35406	234.0	315.0	1372.0	1232.0	-900.0	2317.0	202.0	235.0	558.0		2542.0	5331.0	0.476833615
2021-08-01	274318	1024015	2846	3332.0	50.0	9681.0	3382.0	13063.0	0.258899181	53071	202606	134239	158472	481278	30932	22928	35945	234.0	347.0	1410.0	1211.0	1203.0	2404.0	259.0	263.0	539.0		2619.0	7636.0	0.342980618
2021-09-01	277271	1032534	2899	2953.0	53.0	8519.0	3006.0	11525.0	0.260824295	53327	203847	135494	159237	483641	31112	23157	36259	234.0	256.0	1241.0	1255.0	765.0	2363.0	180.0	229.0	314.0		2234.0	6603.0	0.338331062
2021-10-01	279947	1040831	2944	2676.0	45.0	8297.0	2721.0	11018.0	0.246959521	53578	205412	136732	160018	486109	31310	23364	36521	234.0	251.0	1565.0	1238.0	781.0	2468.0	198.0	207.0	262.0		2156.0	6970.0	0.309325681
2021-11-01	282973	1049329	2975	3026.0	31.0	8498.0	3057.0	11555.0	0.264560796	53838	207093	138257	160772	488617	31575	23544	36883	236.0	260.0	1681.0	1525.0	754.0	2508.0	265.0	180.0	362.0		2592.0	7535.0	0.343994691
2021-12-01	285745	1058149	3018	2772.0	43.0	8820.0	2815.0	11635.0	0.241942415	54198	208486	139453	161858	491099	31795	23735	37195	236.0	360.0	1393.0	1196.0	1086.0	2482.0	220.0	191.0	312.0		2279.0	7240.0	0.314779006
2022-01-01	289134	1068643	3064	3389.0	46.0	10494.0	3435.0	13929.0	0.246607797	54563	210253	140725	162601	493856	32033	23947	37515	237.0	365.0	1767.0	1272.0	743.0	2757.0	238.0	212.0	320.0		2407.0	7674.0	0.313656502
2022-02-01	292380	1077737	3105	3246.0	41.0	9094.0	3287.0	12381.0	0.26548744	54877	211884	141908	163262	496033	32245	24145	37794	238.0	314.0	1631.0	1183.0	661.0	2177.0	212.0	198.0	279.0		2186.0	6655.0	0.328474831
2022-03-01	296631	1088054	3155	4251.0	50.0	10317.0	4301.0	14618.0	0.294226296	55123	214760	143158	164071	498546	32464	24314	38033	242.0	246.0	2876.0	1250.0	809.0	2513.0	219.0	169.0	239.0		2123.0	8321.0	0.255137604
2022-04-01	300018	1097546	3194	3387.0	39.0	9492.0	3426.0	12918.0	0.265211333	55397	217071	144190	164894	500935	32653	24479	38229	246.0	274.0	2311.0	1032.0	823.0	2389.0	189.0	165.0	196.0		1856.0	7379.0	0.251524597
2022-05-01	303305	1107013	3258	3287.0	64.0	9467.0	3351.0	12818.0	0.26142924	55662	218800	145270	165848	503284	32891	24691	38445	246.0	265.0	1729.0	1080.0	954.0	2349.0	238.0	212.0	216.0		2011.0	7043.0	0.285531734
2022-06-01	307002	1117725	3338	3697.0	80.0	10712.0	3777.0	14489.0	0.260680516	55995	220862	146277	167996	505742	33077	24845	38669	246.0	333.0	2062.0	1007.0	2148.0	2458.0	186.0	154.0	224.0		1904.0	8572.0	0.222118525
2022-07-01	311803	1129347	3385	4801.0	47.0	11622.0	4848.0	16470.0	0.29435337	56379	222720	147346	168804	508021	33293	25066	38900	246.0	384.0	1858.0	1069.0	808.0	2279.0	216.0	221.0	231.0		2121.0	7066.0	0.300169827
2022-08-01	316276	1140426	3447	4473.0	62.0	11079.0	4535.0	15614.0	0.290444473	56612	224473	148674	169720	510637	33504	25232	39262	247.0	233.0	1753.0	1328.0	916.0	2616.0	211.0	166.0	362.0		2300.0	7585.0	0.303230059
2022-09-01	319381	1149129	3482	3105.0	35.0	8703.0	3140.0	11843.0	0.265135523	56979	225880	149690	170681	513119	33651	25434	39598	258.0	367.0	1407.0	1016.0	961.0	2482.0	147.0	202.0	336.0		2068.0	6918.0	0.298930327
2022-10-01	322583	1158792	3529	3202.0	47.0	9663.0	3249.0	12912.0	0.251626394	57271	227756	150763	171711	515746	33892	25619	39923	260.0	292.0	1876.0	1073.0	1030.0	2627.0	241.0	185.0	325.0		2116.0	7649.0	0.276637469
2022-11-01	325737	1168879	3566	3154.0	37.0	10087.0	3191.0	13278.0	0.240322338	57506	229284	152249	172560	517901	34209	25763	40313	262.0	235.0	1528.0	1486.0	849.0	2155.0	317.0	144.0	390.0		2572.0	7104.0	0.36204955
2022-12-01	328893	1178912	3601	3156.0	35.0	10033.0	3191.0	13224.0	0.24130369	57803	230864	153373	173282	520382	34482	25967	40575	264.0	297.0	1580.0	1124.0	722.0	2481.0	273.0	204.0	262.0		2160.0	6943.0	0.31110471
2023-01-01	332261	1188840	3657	3368.0	56.0	9928.0	3424.0	13352.0	0.256440983	58081	232551	154511	174221	522721	34802	26141	40941	264.0	278.0	1687.0	1138.0	939.0	2339.0	320.0	174.0	366.0		2276.0	7241.0	0.314321226
2023-02-01	335456	1197333	3699	3195.0	42.0	8493.0	3237.0	11730.0	0.275959079	58285	234193	155584	175031	524990	35036	26303	41162	265.0	204.0	1642.0	1073.0	810.0	2269.0	234.0	162.0	221.0		1894.0	6615.0	0.286318972
2023-03-01	339483	1205897	3762	4027.0	63.0	8564.0	4090.0	12654.0	0.323217955	58578	236032	156448	175621	527981	35322	26495	41488	265.0	293.0	1839.0	864.0	590.0	2991.0	286.0	192.0	326.0		1961.0	7381.0	0.265682157
2023-04-01	342854	1214538	3819	3371.0	57.0	8641.0	3428.0	12069.0	0.284033474	58862	236966	157340	176200	537194	35548	26686	41712	265.0	284.0	934.0	892.0	579.0	9213.0	226.0	191.0	224.0		1817.0	12543.0	0.144861676
2023-05-01	345976	1223624	3868	3122.0	49.0	9086.0	3171.0	12257.0	0.258709309	59063	238517	158246	176858	540325	35793	26930	42151	265.0	201.0	1551.0	906.0	658.0	3131.0	245.0	244.0	439.0		2035.0	7375.0	0.275932203
2023-06-01	348896	1232367	3929	2920.0	61.0	8743.0	2981.0	11724.0	0.254264756	59231	239573	158980	177288	541987	35944	27102	42329	265.0	168.0	1056.0	734.0	430.0	1662.0	151.0	172.0	178.0		1403.0	4551.0	0.308283894
2023-07-01	352266	1242333	3982	3370.0	53.0	9966.0	3423.0	13389.0	0.255657629	59538	242139	160736	178593	546113	36188	27710	42999	265.0	307.0	2566.0	1756.0	1305.0	4126.0	244.0	608.0	670.0		3585.0	11582.0	0.309532032
2023-08-01	355475	1252807	4052	3209.0	70.0	10474.0	3279.0	13753.0	0.238420708	59840	243669	162059	179267	548327	36411	28039	43486	267.0	302.0	1530.0	1323.0	674.0	2214.0	223.0	329.0	487.0	2.0	2664.0	7084.0	0.376058724
2023-09-01	358418	1262633	4088	2943.0	36.0	9826.0	2979.0	12805.0	0.2326434986333463	60244	245555	163394	180038	550810	36817	28301	43998	267.0	404.0	1886.0	1335.0	771.0	2483.0	406.0	262.0	512.0	0.0	2919.0	8059.0	0.3622037473631964
2023-10-01	361549	1271562	4161	3131.0	73.0	8929.0	3204.0	12133.0	0.2640731888238687	60403	247473	164739	180924	553378	37117	28547	44457	268.0	159.0	1918.0	1345.0	886.0	2568.0	300.0	246.0	459.0	1.0	2509.0	7882.0	0.3183202232935803
2023-11-01	364840	1280943	4253	3291.0	92.0	9381.0	3383.0	12764.0	0.2650423064869946	60841	249337	166215	181757	556876	37605	28701	45033	270.0	438.0	1864.0	1476.0	833.0	3498.0	488.0	154.0	576.0	2.0	3132.0	9329.0	0.335727301961625
2023-12-01	368027	1290112	4311	3187.0	58.0	9169.0	3245.0	12414.0	0.2613984211374255	61370	251642	167981	182580	558112	38002	29025	45631	303.0	529.0	2305.0	1766.0	823.0	1236.0	397.0	324.0	598.0	33.0	3614.0	8011.0	0.4511296966670827
2024-01-01	371517	1300674	4359	3490.0	48.0	10562.0	3538.0	14100.0	0.2509219858156028	61726	253998	169269	183415	560583	38298	29282	45974		356.0	2356.0	1288.0	835.0	2471.0	296.0	257.0	343.0		2540.0	8202.0	0.3096805657156791
2024-02-01	375097	1309912	4414	3580.0	55.0	9238.0	3635.0	12873.0	0.28237396100365103	62041	256258	170373	184103	563495	38552	29602	46259		315.0	2260.0	1104.0	688.0	2912.0	254.0	320.0	285.0		2278.0	8138.0	0.2799213565986729
