month	active_editors	anonymous_edits	mobile-heavy_wiki_active_editors	mobile-heavy_wiki_edits	mobile-heavy_wiki_new_editor_retention	mobile-heavy_wiki_nonbot_edits	mobile_edits	net_new_Commons_content_pages	net_new_Wikidata_entities	net_new_Wikipedia_articles	net_new_content_pages	new_active_editors	new_editor_retention	non_anonymous_edits	other_nonbot_edits	returning_active_editors	revert_rate	total_edits	uploads	wikidata_edits
2001-01-01	6.0						0.0	0.0	0.0	31.0	10696.0	6.0			225.0	0.0	0.0147601476	13783.0	0.0	0.0
2001-02-01	9.0						0.0	0.0	0.0	133.0	434.0	4.0			600.0	5.0	0.00136239782	2178.0	0.0	0.0
2001-03-01	19.0						0.0	0.0	0.0	437.0	1309.0	12.0	0.5		1018.0	7.0	0.0008183306056	4078.0	0.0	0.0
2001-04-01	18.0						0.0	0.0	0.0	562.0	1604.0	5.0	0.6		759.0	13.0	0.003322259136	2735.0	0.0	0.0
2001-05-01	21.0						0.0	0.0	0.0	1243.0	3796.0	6.0	0.5384615385		1698.0	15.0	0.001532175689	5955.0	0.0	0.0
2001-06-01	24.0						0.0	0.0	0.0	582.0	1359.0	2.0	0.2727272727		1060.0	22.0	0.003167062549	3710.0	0.0	0.0
2001-07-01	43.0						0.0	0.0	0.0	1099.0	2460.0	21.0	0.6153846154		1792.0	22.0	0.0113133300499999	6078.0	0.0	0.0
2001-08-01	53.0		0.0	1.0		1.0	0.0	0.0	0.0	1651.0	4129.0	15.0	0.0		2627.0	38.0	0.002989040186	9777.0	0.0	0.0
2001-09-01	87.0						0.0	0.0	0.0	3018.0	7308.0	36.0	0.5		4897.0	51.0	0.008198214611	17513.0	0.0	0.0
2001-10-01	103.0						0.0	0.0	0.0	4583.0	11081.0	26.0	0.5		7958.0	77.0	0.02308307622	28177.0	0.0	0.0
2001-11-01	137.0		0.0	3.0		3.0	0.0	0.0	0.0	3295.0	8020.0	42.0	0.5254237288		13062.0	95.0	0.04341085271	40133.0	0.0	0.0
2001-12-01	146.0						0.0	0.0	0.0	2222.0	4755.0	49.0	0.5348837209		17544.0	97.0	0.06246030066	49882.0	0.0	0.0
2002-01-01	145.0						0.0	0.0	0.0	2552.0	2572.0	31.0	0.4487179487		13147.0	114.0	0.0477917180399999	21234.0	0.0	0.0
2002-02-01	176.0		0.0	6.0		6.0	0.0	0.0	0.0	8821.0	8897.0	57.0	0.4242424242		48197.0	119.0	0.0211721626	62626.0	0.0	0.0
2002-03-01	201.0		0.0	9.0		9.0	0.0	0.0	0.0	4463.0	4486.0	56.0	0.4698795181		20121.0	145.0	0.03845793078	30448.0	0.0	0.0
2002-04-01	177.0		0.0	3.0		3.0	0.0	0.0	0.0	3884.0	3921.0	34.0	0.2777777778		18883.0	143.0	0.04768895864	27491.0	0.0	0.0
2002-05-01	162.0		0.0	9.0		9.0	0.0	0.0	0.0	4864.0	4880.0	31.0	0.2173913043		17771.0	131.0	0.0392649179999999	27804.0	0.0	0.0
2002-06-01	191.0		0.0	3.0		3.0	0.0	0.0	0.0	4772.0	4817.0	50.0	0.2452830189		24811.0	141.0	0.03845412119	36117.0	0.0	0.0
2002-07-01	221.0		0.0	5.0		5.0	0.0	0.0	0.0	5532.0	5560.0	69.0	0.275862069		32953.0	152.0	0.0394020961	46177.0	0.0	0.0
2002-08-01	310.0		0.0	11.0	0.0	11.0	0.0	0.0	0.0	7671.0	7718.0	111.0	0.2702702703		56597.0	199.0	0.03930918088	85622.0	32.0	0.0
2002-09-01	405.0		0.0	16.0		16.0	0.0	0.0	0.0	13060.0	13097.0	153.0	0.2654320988		83918.0	252.0	0.04265708182	109911.0	5.0	0.0
2002-10-01	448.0		0.0	15.0	1.0	15.0	0.0	0.0	0.0	40836.0	40894.0	169.0	0.2816326531		109570.0	279.0	0.04834349602	148479.0	13.0	0.0
2002-11-01	478.0		0.0	7.0		7.0	0.0	0.0	0.0	10099.0	10154.0	162.0	0.2398843931		71427.0	316.0	0.07816437104	118484.0	33.0	0.0
2002-12-01	544.0		1.0	48.0	0.0	48.0	0.0	0.0	0.0	10418.0	11234.0	184.0	0.269047619		80936.0	360.0	0.0792050490799999	150510.0	13.0	0.0
2003-01-01	808.0		0.0	43.0		43.0	0.0	1.0	0.0	12607.0	12915.0	358.0	0.2304147465		107884.0	450.0	0.06705706044	151107.0	8.0	0.0
2003-02-01	885.0		1.0	38.0	0.5	38.0	0.0	0.0	0.0	17918.0	18550.0	327.0	0.2376599634		117455.0	558.0	0.07021228203	166725.0	17.0	0.0
2003-03-01	762.0		0.0	19.0	0.4	19.0	0.0	0.0	0.0	16521.0	16952.0	207.0	0.2001915709		119129.0	555.0	0.07519488245	165840.0	39.0	0.0
2003-04-01	803.0		1.0	64.0	0.0	64.0	0.0	0.0	0.0	14672.0	15354.0	241.0	0.2358024691		116877.0	562.0	0.08715249917	163404.0	29.0	0.0
2003-05-01	1135.0		2.0	201.0		201.0	0.0	0.0	0.0	17879.0	19567.0	430.0	0.2471910112		169741.0	705.0	0.08055760629	227962.0	17.0	0.0
2003-06-01	1265.0		3.0	135.0	0.0	135.0	0.0	0.0	0.0	16173.0	17132.0	414.0	0.2504038772		172695.0	851.0	0.08470081837	244452.0	68.0	0.0
2003-07-01	1507.0		3.0	317.0	0.0	317.0	0.0	0.0	0.0	20806.0	22736.0	584.0	0.2332746479		194368.0	923.0	0.07643993937	287319.0	203.0	0.0
2003-08-01	1799.0		4.0	291.0	0.0	291.0	0.0	0.0	0.0	22032.0	23400.0	699.0	0.2193375112		247253.0	1100.0	0.0835849113	333485.0	342.0	0.0
2003-09-01	1828.0		2.0	423.0	0.4444444444	423.0	0.0	0.0	0.0	24300.0	29409.0	644.0	0.2142429683		227643.0	1184.0	0.0879873828799999	324887.0	155.0	0.0
2003-10-01	2006.0		4.0	355.0	0.3333333333	355.0	0.0	0.0	0.0	26658.0	36074.0	693.0	0.2050168837		245928.0	1313.0	0.09404386357	353817.0	93.0	0.0
2003-11-01	2401.0		6.0	1128.0	0.25	1128.0	0.0	0.0	0.0	33654.0	44166.0	888.0	0.2		360636.0	1513.0	0.08608360343	508338.0	167.0	0.0
2003-12-01	2688.0		8.0	1603.0	0.5	1603.0	0.0	0.0	0.0	36073.0	37905.0	874.0	0.2172191984		401820.0	1814.0	0.08202506694	602523.0	211.0	0.0
2004-01-01	3038.0		12.0	1687.0	0.3333333333	1551.0	0.0	0.0	0.0	42724.0	45097.0	1061.0	0.2303370787		403928.0	1977.0	0.08511823795	610759.0	266.0	0.0
2004-02-01	4217.0		29.0	4856.0	0.1578947368	4583.0	0.0	0.0	0.0	53570.0	55988.0	1789.0	0.2598607889		569593.0	2428.0	0.08692535216	804607.0	581.0	0.0
2004-03-01	6653.0		39.0	7773.0	0.3548387097	7772.0	0.0	0.0	0.0	75079.0	78321.0	3228.0	0.2444234998		851033.0	3425.0	0.09381790774	1227532.0	504.0	0.0
2004-04-01	6171.0		40.0	6913.0	0.3541666667	6903.0	0.0	1.0	0.0	60891.0	69408.0	2120.0	0.2609241062		782539.0	4051.0	0.08402462943	1114767.0	624.0	0.0
2004-05-01	6668.0		39.0	5605.0	0.21875	5581.0	0.0	0.0	0.0	63232.0	69741.0	2194.0	0.2204597701		798147.0	4474.0	0.07962989457	1263867.0	789.0	0.0
2004-06-01	7124.0		45.0	4420.0	0.1363636364	4420.0	0.0	1.0	0.0	61358.0	66234.0	2215.0	0.2196557971		1034837.0	4909.0	0.0763067110299999	1830911.0	878.0	0.0
2004-07-01	8285.0		50.0	7362.0	0.1590909091	6820.0	0.0	0.0	0.0	79699.0	95070.0	2752.0	0.226590106		1108129.0	5533.0	0.08171898141	1667625.0	1113.0	0.0
2004-08-01	8527.0		48.0	9031.0	0.1509433962	8642.0	0.0	1.0	0.0	74072.0	82949.0	2605.0	0.201910321		1222028.0	5922.0	0.08445038276	1858664.0	2027.0	0.0
2004-09-01	9765.0		67.0	6259.0	0.1666666667	4703.0	0.0	1109.0	0.0	88062.0	101535.0	3056.0	0.2390022118		1347339.0	6709.0	0.0945354894099999	2089053.0	2867.0	0.0
2004-10-01	10932.0		73.0	8395.0	0.2156862745	6851.0	0.0	6859.0	0.0	83754.0	107034.0	3453.0	0.2273007269		1392851.0	7479.0	0.09949549361	2139585.0	7762.0	0.0
2004-11-01	12498.0		81.0	12529.0	0.15	12241.0	0.0	5785.0	0.0	94551.0	124095.0	4084.0	0.2290354331		1649409.0	8414.0	0.1140360834	2625374.0	7182.0	0.0
2004-12-01	13169.0		96.0	14299.0	0.157480315	12774.0	0.0	8523.0	0.0	88144.0	116420.0	3868.0	0.2156811443		1643611.0	9301.0	0.1128576216	3123644.0	9544.0	0.0
2005-01-01	13654.0		94.0	15676.0	0.1209677419	15565.0	0.0	9768.0	0.0	88202.0	119814.0	4091.0	0.2079157589		1613672.0	9563.0	0.1128003616	2554469.0	11360.0	0.0
2005-02-01	13712.0		113.0	12674.0	0.2100840336	10378.0	0.0	10187.0	0.0	83765.0	116336.0	3820.0	0.1979279867		1604260.0	9892.0	0.1136990508	2477409.0	11457.0	0.0
2005-03-01	16032.0		146.0	21479.0	0.1353383459	21092.0	0.0	14842.0	0.0	101032.0	140669.0	4808.0	0.1975738891		1983055.0	11224.0	0.1146033967	3092638.0	16872.0	0.0
2005-04-01	19135.0		139.0	27333.0	0.2075471698	26167.0	0.0	18108.0	0.0	113300.0	182898.0	5890.0	0.2009994448		2360760.0	13245.0	0.1319071994	4100410.0	19712.0	0.0
2005-05-01	20749.0		165.0	30180.0	0.1854304636	27285.0	0.0	31791.0	0.0	133908.0	197308.0	6166.0	0.2114798413		2561171.0	14583.0	0.12884383	4732180.0	33605.0	0.0
2005-06-01	22610.0		180.0	36503.0	0.1451612903	31083.0	0.0	21331.0	0.0	133598.0	193493.0	6794.0	0.1930542778		2787308.0	15816.0	0.1278406067	5225389.0	23874.0	0.0
2005-07-01	26469.0		213.0	49577.0	0.1743119266	36937.0	0.0	22934.0	0.0	149616.0	211952.0	8574.0	0.1987227337		3266706.0	17895.0	0.1296324749	5468664.0	26502.0	0.0
2005-08-01	29796.0		221.0	48224.0	0.1784037559	38921.0	0.0	33556.0	0.0	174909.0	259707.0	9762.0	0.1987227337		3544202.0	20034.0	0.1339992795	6031331.0	32618.0	0.0
2005-09-01	27232.0		237.0	47971.0	0.2310469314	36740.0	0.0	31323.0	0.0	218718.0	286228.0	7250.0	0.195332931		3143509.0	19982.0	0.146343055	5572146.0	34954.0	0.0
2005-10-01	30862.0		246.0	54891.0	0.1559633028	43603.0	0.0	34415.0	0.0	175738.0	254675.0	9087.0	0.1689996486		3621895.0	21775.0	0.1646865898	6251872.0	38934.0	0.0
2005-11-01	31268.0		238.0	55753.0	0.1415929204	43173.0	0.0	24475.0	0.0	160053.0	226175.0	9087.0	0.1695937793		3599012.0	22181.0	0.1841593984	6543618.0	28942.0	0.0
2005-12-01	43424.0		324.0	84815.0	0.1369047619	68349.0	0.0	31590.0	0.0	189857.0	329486.0	16196.0	0.163712115		4970521.0	27228.0	0.1784108133	8473673.0	37423.0	0.0
2006-01-01	51237.0		399.0	105188.0	0.1801801802	78927.0	0.0	38791.0	0.0	270476.0	404200.0	18328.0	0.1716244076		5795259.0	32909.0	0.1751750607	9769608.0	46747.0	0.0
2006-02-01	52557.0		399.0	81229.0	0.1181818182	62575.0	0.0	39769.0	0.0	191659.0	321850.0	17655.0	0.1757434913		5471437.0	34902.0	0.1774057204	9338205.0	49006.0	0.0
2006-03-01	60900.0		458.0	115727.0	0.1328671329	78704.0	0.0	45577.0	0.0	220856.0	336793.0	21032.0	0.1551544376		6224352.0	39868.0	0.1809849485	10918394.0	55849.0	0.0
2006-04-01	63010.0		505.0	105543.0	0.1011396011	77016.0	0.0	49793.0	0.0	210088.0	335671.0	20709.0	0.1424373863		6153422.0	42301.0	0.1811216106	10852241.0	60772.0	0.0
2006-05-01	70623.0		582.0	110297.0	0.08219178082	87918.0	0.0	52689.0	0.0	222199.0	405757.0	23424.0	0.1318869097		6986313.0	47199.0	0.193455201	11924820.0	63469.0	0.0
2006-06-01	71595.0		619.0	126806.0	0.1000834028	95210.0	0.0	54939.0	0.0	228820.0	400864.0	22259.0	0.1235993884		7051309.0	49336.0	0.1803804168	12246393.0	66079.0	0.0
2006-07-01	75606.0		658.0	154103.0	0.0803030303	102856.0	0.0	62637.0	0.0	233722.0	435260.0	23854.0	0.1131743877		7262161.0	51752.0	0.1711506347	12864473.0	74019.0	0.0
2006-08-01	83449.0		729.0	187448.0	0.09235427706	118470.0	0.0	82646.0	0.0	280102.0	456497.0	26697.0	0.1208896435		8102867.0	56752.0	0.1668555764	14182340.0	97493.0	0.0
2006-09-01	82228.0		749.0	147244.0	0.08745762712	102766.0	0.0	67812.0	0.0	244343.0	562360.0	24582.0	0.1230558011		7520639.0	57646.0	0.189788398	13423304.0	83255.0	0.0
2006-10-01	86107.0		811.0	213441.0	0.09699376064	113045.0	0.0	62834.0	0.0	229498.0	505171.0	26136.0	0.1145455884		7841946.0	59971.0	0.2119388081	14681338.0	76532.0	0.0
2006-11-01	91801.0		840.0	210535.0	0.08826879271	125380.0	0.0	59457.0	0.0	242340.0	426598.0	28570.0	0.1123110873		8176435.0	63231.0	0.219170379	15124805.0	72481.0	0.0
2006-12-01	92981.0		915.0	215572.0	0.0944606414	129794.0	0.0	54082.0	0.0	270171.0	432627.0	27127.0	0.1033250019		8274318.0	65854.0	0.2038212971	15006433.0	68113.0	0.0
2007-01-01	102999.0		889.0	260005.0	0.07865168539	130563.0	0.0	68629.0	0.0	280007.0	504075.0	31547.0	0.09579491168		9010426.0	71452.0	0.2092156181	16870873.0	86630.0	0.0
2007-02-01	101230.0		971.0	232701.0	0.06979113602	135041.0	0.0	65811.0	0.0	262757.0	486325.0	30333.0	0.1037176804		8670053.0	70897.0	0.2221194731	15809671.0	81559.0	0.0
2007-03-01	107727.0		1099.0	314365.0	0.09221748401	173708.0	0.0	98651.0	0.0	276969.0	493175.0	32389.0	0.1019919451		9644347.0	75338.0	0.2263084947	18229356.0	115454.0	0.0
2007-04-01	105947.0		1090.0	376014.0	0.08545367259	168111.0	0.0	115906.0	0.0	256909.0	473710.0	30668.0	0.09556927405		9338452.0	75279.0	0.2240151366	17790576.0	133908.0	0.0
2007-05-01	106300.0		1184.0	342326.0	0.07837127846	177373.0	0.0	95470.0	0.0	245149.0	455565.0	30470.0	0.09098000798		9735663.0	75830.0	0.2250767546	18561686.0	114053.0	0.0
2007-06-01	97305.0		1080.0	285363.0	0.09161624892	166143.0	0.0	93895.0	0.0	277185.0	547297.0	25920.0	0.08382181658		9002115.0	71385.0	0.2004581745	16304557.0	110772.0	0.0
2007-07-01	97725.0		1093.0	257283.0	0.08634976014	160035.0	0.0	112988.0	0.0	265800.0	547375.0	26478.0	0.07972698693		9144897.0	71247.0	0.1854901631	16167608.0	132393.0	0.0
2007-08-01	96899.0		1123.0	291205.0	0.0896882493999999	162228.0	0.0	120602.0	0.0	301676.0	579722.0	25688.0	0.08129734018		8999431.0	71211.0	0.1920017643	16261152.0	139460.0	0.0
2007-09-01	95965.0		1183.0	304932.0	0.07655502392	165804.0	0.0	128393.0	0.0	318199.0	604820.0	25967.0	0.08502505216		8829529.0	69998.0	0.2204949455	17138544.0	146662.0	0.0
2007-10-01	99521.0		1280.0	342420.0	0.08699592207	175425.0	0.0	111652.0	0.0	267391.0	523357.0	27676.0	0.0853900437299999		9226372.0	71845.0	0.2312743334	18111693.0	131545.0	0.0
2007-11-01	94379.0		1184.0	319130.0	0.0715123095	164445.0	0.0	118261.0	0.0	213642.0	527330.0	25025.0	0.0801746322899999		8742107.0	69354.0	0.2256579	17398830.0	136830.0	0.0
2007-12-01	90897.0		1194.0	378955.0	0.07869107908	187637.0	0.0	95885.0	0.0	232320.0	498736.0	22865.0	0.07424853325		8664029.0	68032.0	0.2092369845	16740268.0	113499.0	0.0
2008-01-01	100063.0		1412.0	374186.0	0.0783783783799999	196231.0	0.0	113170.0	0.0	253367.0	523518.0	27755.0	0.0707933271		9861171.0	72308.0	0.2129330989	18010365.0	132427.0	0.0
2008-02-01	98934.0		1323.0	370787.0	0.0845959596	181432.0	0.0	99121.0	0.0	241503.0	544202.0	26995.0	0.07873828441		9431610.0	71939.0	0.2227753731	17876488.0	116910.0	0.0
2008-03-01	103304.0		1340.0	358120.0	0.07901064926	186224.0	0.0	111723.0	0.0	246039.0	636002.0	28217.0	0.08204980379		9897350.0	75087.0	0.2236204988	18892515.0	131572.0	0.0
2008-04-01	100468.0		1338.0	338160.0	0.06678832117	178047.0	0.0	100691.0	0.0	227002.0	455641.0	27128.0	0.07665740722		9421593.0	73340.0	0.2289914908	17792992.0	117785.0	0.0
2008-05-01	100615.0		1413.0	385744.0	0.0755730659	183646.0	0.0	114305.0	0.0	228449.0	497219.0	26349.0	0.07788494749		9607444.0	74266.0	0.2304394208	18807460.0	131879.0	0.0
2008-06-01	93587.0		1376.0	434457.0	0.07012417823	201463.0	0.0	96867.0	0.0	231094.0	520682.0	23234.0	0.07302806579		9170317.0	70353.0	0.2057690953	17762044.0	114214.0	0.0
2008-07-01	94622.0		1454.0	436630.0	0.06413766132	215449.0	0.0	113954.0	0.0	230882.0	659169.0	23738.0	0.07126428771		9450134.0	70884.0	0.1881172848	17394579.0	130964.0	0.0
2008-08-01	93571.0		1488.0	452409.0	0.06923751096	221300.0	0.0	114885.0	0.0	258367.0	563015.0	23009.0	0.06908102694		9510838.0	70562.0	0.1896289875	17790276.0	131043.0	0.0
2008-09-01	91611.0		1480.0	352526.0	0.0784226849799999	200063.0	0.0	131451.0	0.0	199698.0	530560.0	23077.0	0.0735951509		9311258.0	68534.0	0.2193080187	17676796.0	147782.0	0.0
2008-10-01	95135.0		1619.0	459799.0	0.0792988313899999	215420.0	0.0	110326.0	0.0	220592.0	694838.0	25350.0	0.07016685506		9534207.0	69785.0	0.2244763437	18467644.0	130572.0	0.0
2008-11-01	92167.0		1515.0	433670.0	0.06881533101	196626.0	0.0	116076.0	0.0	209380.0	588860.0	23241.0	0.06960988869		9006944.0	68926.0	0.2177370924	17308381.0	131074.0	0.0
2008-12-01	90369.0		1527.0	361127.0	0.08030363564	201614.0	0.0	191979.0	0.0	209401.0	565175.0	22123.0	0.07240574637		9129527.0	68246.0	0.1959890822	17404424.0	215137.0	0.0
2009-01-01	97636.0		1603.0	461698.0	0.07245762712	220704.0	0.0	122454.0	0.0	232240.0	493658.0	25120.0	0.06224780719		9822584.0	72516.0	0.2045831068	19785660.0	138515.0	0.0
2009-02-01	92992.0		1577.0	415915.0	0.0678793256399999	213611.0	0.0	124252.0	0.0	220596.0	537769.0	23294.0	0.0684275047399999		9131378.0	69698.0	0.2146009166	17716440.0	138725.0	0.0
2009-03-01	98013.0		1699.0	483701.0	0.0678879310299999	233587.0	0.0	210226.0	0.0	230416.0	670695.0	25048.0	0.07226022575		10167816.0	72965.0	0.2153836897	19904069.0	227220.0	0.0
2009-04-01	92487.0		1716.0	487026.0	0.06181533646	239227.0	0.0	178278.0	0.0	223853.0	724723.0	22428.0	0.0668316054		9394893.0	70059.0	0.1978155736	18141412.0	195132.0	0.0
2009-05-01	95221.0		1851.0	587301.0	0.06473058083	263405.0	0.0	136574.0	0.0	219699.0	641899.0	23356.0	0.06649420332		9839856.0	71865.0	0.1949693474	19741143.0	153478.0	0.0
2009-06-01	93980.0		1664.0	576211.0	0.0563951345399999	246681.0	0.0	151085.0	0.0	200466.0	665038.0	23004.0	0.06704927894		9372719.0	70976.0	0.1875150758	18457575.0	168132.0	0.0
2009-07-01	93609.0		1829.0	671081.0	0.05870513251	259707.0	0.0	156896.0	0.0	222629.0	529932.0	23189.0	0.06216935407		9244137.0	70420.0	0.1775447987	19473262.0	174547.0	0.0
2009-08-01	92927.0		1939.0	629984.0	0.05424200278	254546.0	0.0	158596.0	0.0	236027.0	576590.0	21932.0	0.06410555815		9520318.0	70995.0	0.1753973968	20237075.0	178348.0	0.0
2009-09-01	90237.0		1917.0	534984.0	0.05800532702	270583.0	0.0	124999.0	0.0	212981.0	505672.0	21310.0	0.06846006917		9212000.0	68927.0	0.197251066	18807269.0	142482.0	0.0
2009-10-01	92963.0		1971.0	553570.0	0.0684225594	260200.0	0.0	262844.0	0.0	229307.0	766473.0	23063.0	0.06718826238		9576122.0	69900.0	0.2051102456	19525635.0	281654.0	0.0
2009-11-01	92401.0		1777.0	475521.0	0.05901937046	232769.0	0.0	169184.0	0.0	208757.0	655375.0	22470.0	0.06946879308		9357697.0	69931.0	0.2019957364	18415440.0	186414.0	0.0
2009-12-01	90003.0		1958.0	579591.0	0.05340078696	245895.0	0.0	133393.0	0.0	224894.0	636511.0	20861.0	0.06462627557		9231414.0	69142.0	0.1911280393	18731437.0	152965.0	0.0
2010-01-01	96350.0		1958.0	602312.0	0.0721941992399999	247352.0	0.0	349296.0	0.0	228134.0	731299.0	23803.0	0.05764672192		10072736.0	72547.0	0.1951766467	20186791.0	367435.0	0.0
2010-02-01	91163.0		1861.0	698583.0	0.05625965997	251869.0	0.0	147064.0	0.0	202201.0	545966.0	21951.0	0.06139853181		9257825.0	69212.0	0.2062190821	19275819.0	164327.0	0.0
2010-03-01	96231.0		2103.0	562210.0	0.0540158371	241702.0	0.0	164996.0	0.0	228505.0	725886.0	24182.0	0.0643699551399999		10114674.0	72049.0	0.2104267377	20546561.0	182659.0	0.0
2010-04-01	92282.0		2081.0	671863.0	0.05685084637	255386.0	0.0	196401.0	0.0	251950.0	716540.0	21854.0	0.05968514716		9610770.0	70428.0	0.2051578389	20278495.0	213338.0	0.0
2010-05-01	93684.0		2101.0	594513.0	0.06100646612	273964.0	0.0	188707.0	0.0	254567.0	602736.0	22102.0	0.0598125379299999		9972780.0	71582.0	0.1984199801	20190189.0	206680.0	0.0
2010-06-01	87563.0		2031.0	659188.0	0.0552359033399999	272152.0	0.0	156927.0	0.0	212325.0	532304.0	19615.0	0.05936935525		9304794.0	67948.0	0.1917685589	18846506.0	174148.0	0.0
2010-07-01	85087.0		2063.0	572108.0	0.04792966534	256005.0	0.0	188569.0	0.0	217680.0	672683.0	18745.0	0.05526472732		9308838.0	66342.0	0.1781851553	18133108.0	205417.0	0.0
2010-08-01	86513.0		2145.0	664343.0	0.05451241672	293747.0	0.0	188485.0	0.0	285641.0	776858.0	19286.0	0.0564993589299999		9832905.0	67227.0	0.1783361498	20320220.0	207446.0	0.0
2010-09-01	83742.0		2130.0	709343.0	0.0599205136	286990.0	0.0	189492.0	0.0	221741.0	720559.0	18449.0	0.0599590729899999		9618062.0	65293.0	0.190435925	19875863.0	210222.0	0.0
2010-10-01	85359.0		2069.0	589853.0	0.0594092266799999	259390.0	0.0	183201.0	0.0	234926.0	1012727.0	19429.0	0.06081523705		9644656.0	65930.0	0.2016563169	20370682.0	201361.0	0.0
2010-11-01	85010.0		2003.0	552418.0	0.06668982286	262040.0	0.0	150804.0	0.0	240666.0	1226279.0	19641.0	0.06889799679		9187239.0	65369.0	0.2007637202	19503687.0	167782.0	0.0
2010-12-01	83662.0		2086.0	673227.0	0.05249632893	261034.0	0.0	219984.0	0.0	261160.0	777816.0	18583.0	0.05947250157		9160787.0	65079.0	0.1920869147	19051007.0	238794.0	0.0
2011-01-01	93349.0		2207.0	701075.0	0.05713422007	274184.0	0.0	217786.0	0.0	269089.0	833470.0	22746.0	0.0542866843499999		10424880.0	70603.0	0.1849110491	21366925.0	238358.0	0.0
2011-02-01	88358.0		2203.0	652112.0	0.04486362478	258745.0	0.0	1151532.0	0.0	225297.0	1741725.0	20748.0	0.06202590792		9359215.0	67610.0	0.1829018856	20097225.0	1170363.0	0.0
2011-03-01	91544.0		2381.0	717868.0	0.04727357828	299779.0	0.0	508436.0	0.0	234849.0	1025160.0	22150.0	0.06746297415		9673904.0	69394.0	0.184196396	21611325.0	528846.0	0.0
2011-04-01	87451.0		2136.0	779263.0	0.0546772068499999	272920.0	0.0	182092.0	0.0	269108.0	744070.0	20174.0	0.05922881566		9075369.0	67277.0	0.1784121492	19160497.0	201869.0	0.0
2011-05-01	88244.0		2199.0	743044.0	0.0516983949199999	275075.0	0.0	171721.0	0.0	240639.0	679184.0	20244.0	0.0611997356		9256240.0	68000.0	0.1875314497	18418102.0	192145.0	0.0
2011-06-01	86433.0		2282.0	858191.0	0.0504950495	316064.0	0.0	187386.0	0.0	272086.0	729004.0	19816.0	0.05948532264		9325154.0	66617.0	0.1827663776	18928424.0	207241.0	0.0
2011-07-01	85806.0		2336.0	1018243.0	0.04598737601	298743.0	0.0	184061.0	0.0	318789.0	888573.0	19137.0	0.05483063972		9598382.0	66669.0	0.1573526977	19276482.0	205402.0	0.0
2011-08-01	86273.0		2365.0	889619.0	0.04572864322	305071.0	0.0	211461.0	0.0	221663.0	833427.0	18906.0	0.05495175827		9794504.0	67367.0	0.165281362	20028373.0	236610.0	0.0
2011-09-01	86288.0		2445.0	816217.0	0.04604932058	300689.0	0.0	393411.0	0.0	199457.0	816885.0	20354.0	0.05679991614		9586194.0	65934.0	0.1691813666	19414053.0	414424.0	0.0
2011-10-01	85314.0		2450.0	711641.0	0.04857703631	299456.0	0.0	246487.0	0.0	356306.0	926629.0	19251.0	0.0585859101299999		9596929.0	66063.0	0.1886270185	19724463.0	267649.0	0.0
2011-11-01	84865.0		2421.0	741396.0	0.04340141398	290733.0	0.0	206477.0	0.0	258454.0	790370.0	19264.0	0.06369073903		9523197.0	65601.0	0.1808984458	19837295.0	226467.0	0.0
2011-12-01	84072.0		2567.0	840542.0	0.04942185752	319937.0	0.0	193454.0	0.0	446675.0	1139139.0	18141.0	0.05923658624		9714461.0	65931.0	0.1889493733	21881926.0	211919.0	0.0
2012-01-01	89084.0		2785.0	700670.0	0.04781582054	329767.0	0.0	211205.0	0.0	254930.0	950324.0	20763.0	0.0509026019799999		10544932.0	68321.0	0.1712500756	21573819.0	232154.0	0.0
2012-02-01	85804.0		2507.0	567269.0	0.05021492771	278404.0	0.0	164765.0	0.0	210286.0	797799.0	19560.0	0.05550037705		9864256.0	66244.0	0.1718596093	20038131.0	183849.0	0.0
2012-03-01	85896.0		2561.0	703684.0	0.0436303387299999	292644.0	0.0	219823.0	0.0	275806.0	801407.0	19230.0	0.06180298547		10363589.0	66666.0	0.1661550911	19970035.0	242171.0	0.0
2012-04-01	84295.0		2634.0	715257.0	0.04321728691	277095.0	0.0	196776.0	0.0	218420.0	574219.0	18005.0	0.0604060217399999		10106918.0	66290.0	0.1645824845	20085596.0	216528.0	0.0
2012-05-01	86387.0		2758.0	1033967.0	0.05514639842	293188.0	0.0	236117.0	0.0	239955.0	643543.0	18357.0	0.06944883827		10331032.0	68030.0	0.1732978102	21461243.0	258003.0	0.0
2012-06-01	83252.0		2763.0	852385.0	0.0595963442499999	312500.0	0.0	224818.0	0.0	221239.0	731964.0	17526.0	0.06600748758		9863021.0	65726.0	0.1651896291	19254872.0	245173.0	0.0
2012-07-01	84841.0		2734.0	1015808.0	0.06047904192	316826.0	0.0	226426.0	0.0	310462.0	841903.0	17999.0	0.06286576445		10270746.0	66842.0	0.1570882209	21362405.0	253028.0	0.0
2012-08-01	83386.0		2746.0	892447.0	0.05104501608	316233.0	0.0	232557.0	0.0	288098.0	804049.0	17003.0	0.06549850556		10540497.0	66383.0	0.1594727239	22952819.0	255138.0	0.0
2012-09-01	86215.0		2616.0	837401.0	0.05156765677	290792.0	0.0	628614.0	0.0	298171.0	1348861.0	21115.0	0.06992112996		10043804.0	65100.0	0.1624776563	22759613.0	651613.0	0.0
2012-10-01	83876.0		2588.0	971631.0	0.05870486181	267548.0	1.0	461836.0	4393.0	374012.0	1243412.0	17771.0	0.06996030547		10365802.0	66105.0	0.1661468464	24243577.0	484643.0	265341.0
2012-11-01	83562.0		2603.0	635341.0	0.05323110624	271101.0	122.0	262107.0	209173.0	244006.0	1110288.0	17534.0	0.07132344925		10016479.0	66028.0	0.1658921827	20696743.0	283910.0	418686.0
2012-12-01	82183.0		2882.0	844143.0	0.06168566775	323440.0	182.0	364918.0	1801148.0	255857.0	2618864.0	16174.0	0.07240641812		10350983.0	66009.0	0.1541658115	23208682.0	389763.0	2145677.0
2013-01-01	88852.0		2852.0	1113427.0	0.05186551866	348074.0	1199.0	660978.0	1577241.0	499974.0	3047647.0	19027.0	0.06252948169		11465722.0	69825.0	0.1661664476	27075327.0	695025.0	2527688.0
2013-02-01	81825.0		2598.0	1054798.0	0.06101190476	332681.0	1986.0	329243.0	1453555.0	622157.0	2605207.0	16690.0	0.06862110324		10004879.0	65135.0	0.1808112201	25601769.0	353137.0	2688064.0
2013-03-01	86147.0		2672.0	1807620.0	0.05299394951	372472.0	4316.0	265200.0	3061030.0	793553.0	4293422.0	18285.0	0.07205747758		10528530.0	67862.0	0.1547839459	46222566.0	294994.0	9090203.0
2013-04-01	86452.0		2734.0	904784.0	0.05327210103	328256.0	2885.0	258997.0	2426356.0	463071.0	3382540.0	18934.0	0.06882828283		10175849.0	67518.0	0.1576841893	37029963.0	290295.0	14587309.0
2013-05-01	87046.0		2648.0	528565.0	0.06403940887	310381.0	6218.0	355878.0	866316.0	225572.0	1706282.0	19259.0	0.06734976461		10277276.0	67787.0	0.1598386124	33092100.0	390256.0	15342104.0
2013-06-01	80853.0		2510.0	431654.0	0.04617546677	278296.0	738.0	341421.0	144306.0	742778.0	1506070.0	16510.0	0.05740295626		9748124.0	64343.0	0.1473254261	22995684.0	361343.0	4703310.0
2013-07-01	80591.0		2647.0	563886.0	0.04795424549	324566.0	8519.0	334335.0	772673.0	662382.0	1971738.0	17247.0	0.05288779658		9752428.0	63344.0	0.1340101399	27914054.0	355640.0	9091134.0
2013-08-01	79896.0		2595.0	567259.0	0.03893294881	307449.0	43388.0	312908.0	339195.0	925873.0	2071813.0	17008.0	0.0534415068899999		10102879.0	62888.0	0.1283372132	24395083.0	336208.0	4886515.0
2013-09-01	80057.0		2504.0	625235.0	0.04581850534	316320.0	51687.0	643244.0	234500.0	742838.0	1953990.0	19459.0	0.0562994960399999		10023703.0	60598.0	0.122058314	25508808.0	668639.0	5912918.0
2013-10-01	79356.0		2593.0	793571.0	0.0443825042899999	306239.0	57535.0	319361.0	82205.0	336599.0	1075449.0	18067.0	0.05534929498		10100277.0	61289.0	0.1417313278	26604365.0	344060.0	9020041.0
2013-11-01	78111.0		2636.0	626954.0	0.04080831862	314171.0	57294.0	403734.0	113422.0	187935.0	1130427.0	17537.0	0.05921374585		9767696.0	60574.0	0.1345224978	24479367.0	429904.0	7699074.0
2013-12-01	78608.0		2762.0	617792.0	0.0434304562899999	334092.0	67745.0	269642.0	204408.0	217391.0	1023946.0	17376.0	0.05823888089		10543691.0	61232.0	0.1297297046	24043955.0	293538.0	6494305.0
2014-01-01	84876.0		3242.0	654432.0	0.04914170313	372149.0	84514.0	261039.0	178415.0	206087.0	871504.0	20101.0	0.05258795701		11076111.0	64775.0	0.1348721526	30112968.0	286831.0	9215446.0
2014-02-01	78641.0		2847.0	533914.0	0.04299096688	333436.0	76626.0	270805.0	123482.0	240517.0	976048.0	17572.0	0.05403628206		9829508.0	61069.0	0.1357772988	24149407.0	297224.0	5924262.0
2014-03-01	82114.0		2747.0	649560.0	0.04289292423	380647.0	89413.0	320652.0	117770.0	227143.0	2066429.0	18938.0	0.06172305605		10487261.0	63176.0	0.1388973504	26072606.0	350238.0	5572211.0
2014-04-01	79927.0		2827.0	671697.0	0.0394473732	349087.0	89198.0	336856.0	576587.0	238222.0	1449478.0	18423.0	0.05541732208		10190711.0	61504.0	0.125519362	23339672.0	363167.0	5447664.0
2014-05-01	85062.0		2956.0	596971.0	0.05177020708	341209.0	112289.0	391903.0	249039.0	259759.0	1120589.0	21585.0	0.0545236460399999		10111642.0	63477.0	0.1244578829	28712331.0	421870.0	11193929.0
2014-06-01	78891.0		2717.0	525890.0	0.04224137931	321979.0	148578.0	312056.0	207192.0	552877.0	1338093.0	18573.0	0.05376741336		9786597.0	60318.0	0.1159880403	25238648.0	382911.0	6054010.0
2014-07-01	80857.0		2817.0	586054.0	0.03577483893	319836.0	229722.0	490591.0	127492.0	459956.0	1442994.0	19557.0	0.04738154613		10242111.0	61300.0	0.1039868895	26865252.0	534518.0	6673575.0
2014-08-01	80979.0		3022.0	617771.0	0.0471224411	339322.0	261600.0	447860.0	250433.0	394096.0	1252287.0	19267.0	0.05281990771		10436673.0	61712.0	0.1098578552	25791366.0	500125.0	5898183.0
2014-09-01	79812.0		2715.0	673780.0	0.04301872798	313169.0	207046.0	545761.0	307597.0	405863.0	1517651.0	19931.0	0.0547249368399999		9604610.0	59881.0	0.1232270193	23705324.0	571578.0	5972107.0
2014-10-01	81276.0		2809.0	593484.0	0.04338188727	338492.0	218966.0	487400.0	181748.0	304117.0	1227019.0	20535.0	0.0536871659899999		10011499.0	60741.0	0.1171969748	27358814.0	510641.0	8692892.0
2014-11-01	79532.0		2682.0	521713.0	0.04472072741	295973.0	230290.0	328428.0	161836.0	224915.0	1012854.0	19341.0	0.06004164136		9580561.0	60191.0	0.1244917386	27270646.0	356131.0	8407359.0
2014-12-01	80058.0		3036.0	994252.0	0.04097141913	329970.0	276869.0	323636.0	90991.0	202239.0	818821.0	18661.0	0.05566042422		10069298.0	61397.0	0.1188334831	28006243.0	354130.0	6754131.0
2015-01-01	86221.0		3355.0	725482.0	0.04425064599	388904.0	331830.0	302466.0	190440.0	218135.0	1028766.0	21416.0	0.04955247114		11332639.0	64805.0	0.1175404559	26632995.0	332411.0	7256327.0
2015-02-01	82256.0		3169.0	806160.0	0.04811363984	383425.0	312625.0	310898.0	415684.0	179702.0	1113156.0	19897.0	0.05412151246		10188320.0	62359.0	0.1173743652	24369872.0	335611.0	7398594.0
2015-03-01	88379.0		3305.0	1048446.0	0.05692960632	357379.0	327864.0	385789.0	303890.0	314314.0	1162672.0	22238.0	0.0602575413		11568886.0	66141.0	0.1303587016	32009429.0	419385.0	7912594.0
2015-04-01	82838.0		3148.0	1221711.0	0.0482366657	335831.0	450604.0	358830.0	97218.0	201926.0	820398.0	19117.0	0.05299988621		11244098.0	63721.0	0.1188610174	33853516.0	385390.0	5342196.0
2015-05-01	86952.0		2994.0	578832.0	0.04618271035	311960.0	505771.0	501268.0	150103.0	194907.0	1160027.0	22144.0	0.0544227080899999		10455256.0	64808.0	0.1276283427	27730905.0	528925.0	7142529.0
2015-06-01	82183.0		2994.0	489454.0	0.04357506361	335595.0	553031.0	412650.0	549107.0	233073.0	1379455.0	19500.0	0.05398356425		10161123.0	62683.0	0.1378974417	24126596.0	441920.0	4571308.0
2015-07-01	80537.0		3149.0	776159.0	0.04591206075	384754.0	633506.0	485869.0	91070.0	219056.0	1064754.0	18070.0	0.04941931402		10718971.0	62467.0	0.1398297792	35088022.0	515028.0	12495044.0
2015-08-01	79247.0		3070.0	991440.0	0.05176592798	428380.0	657796.0	571013.0	110590.0	231499.0	1146080.0	16848.0	0.05369789075		11356093.0	62399.0	0.122070541	28653390.0	617032.0	8635024.0
2015-09-01	79702.0		2943.0	945176.0	0.0516469459499999	366201.0	613093.0	823670.0	111911.0	239586.0	1681911.0	17668.0	0.05630587988		11505086.0	62034.0	0.1528725573	29257341.0	855173.0	7295135.0
2015-10-01	80400.0		2942.0	482378.0	0.0396534488499999	331013.0	585356.0	549401.0	225895.0	252621.0	1265717.0	17485.0	0.06543033761		11775781.0	62915.0	0.1262347397	33689794.0	584951.0	12186660.0
2015-11-01	81191.0		2892.0	661563.0	0.04107368042	378051.0	612597.0	419041.0	277703.0	560352.0	1451929.0	17934.0	0.06566605984		11505534.0	63257.0	0.1185314338	31774470.0	449133.0	11026538.0
2015-12-01	79427.0		3090.0	564181.0	0.04192625021	366664.0	614775.0	415941.0	273478.0	690375.0	1600579.0	16842.0	0.0594878942899999		11104438.0	62585.0	0.107893219	29677757.0	444346.0	9439281.0
2016-01-01	85747.0		3248.0	867270.0	0.03708170033	408710.0	727213.0	444628.0	396491.0	848476.0	2041690.0	19315.0	0.04959064999		12157334.0	66432.0	0.1021087167	33318202.0	473580.0	10703508.0
2016-02-01	81492.0		3022.0	1262126.0	0.0440498548699999	345267.0	658698.0	333242.0	573530.0	332337.0	1860399.0	18153.0	0.0528984141		14025302.0	63339.0	0.08922072673	33314058.0	358458.0	9978377.0
2016-03-01	85258.0		3179.0	1015216.0	0.0432715948199999	394471.0	695658.0	444262.0	673701.0	293685.0	2322306.0	19270.0	0.06274028193		12187117.0	65988.0	0.1011410758	30792307.0	478126.0	8945545.0
2016-04-01	82275.0		3102.0	681064.0	0.04206375288	370902.0	660965.0	378707.0	247102.0	364754.0	1513335.0	17696.0	0.06078844965		12728550.0	64579.0	0.1013470509	32047817.0	406320.0	10220255.0
2016-05-01	86168.0		3098.0	975072.0	0.04832104832	384800.0	670684.0	490452.0	272508.0	589558.0	1832548.0	19882.0	0.0603481658799999		12914809.0	66286.0	0.1020982646	36970492.0	514595.0	13901664.0
2016-06-01	83382.0		3390.0	870534.0	0.03712035996	401455.0	659680.0	469134.0	843993.0	490724.0	2042301.0	20117.0	0.0535915375999999		11942529.0	63265.0	0.09338073838	31114661.0	490112.0	10424038.0
2016-07-01	78220.0		3333.0	890566.0	0.04454225352	403936.0	730018.0	423845.0	898143.0	249806.0	1876926.0	15885.0	0.04802845301		14751835.0	62335.0	0.1184456124	31282082.0	450892.0	8115824.0
2016-08-01	78567.0		3201.0	771445.0	0.04104532703	424838.0	768062.0	411140.0	486437.0	336099.0	1505517.0	16118.0	0.04718922553		13950966.0	62449.0	0.0886563709	32033143.0	437921.0	10632513.0
2016-09-01	80932.0		2893.0	649165.0	0.04148606811	396100.0	696802.0	734203.0	251176.0	546749.0	1817034.0	18816.0	0.05258324547		13361030.0	62116.0	0.08584307792	34973527.0	762830.0	10784874.0
2016-10-01	79262.0		2933.0	715488.0	0.0507925686	404445.0	765096.0	517717.0	429577.0	436985.0	1732793.0	16837.0	0.06210185881		11114934.0	62425.0	0.104438664	36302062.0	548103.0	16119568.0
2016-11-01	79775.0		3057.0	578978.0	0.04807692308	384150.0	770949.0	772055.0	245128.0	533010.0	1797536.0	16819.0	0.06565945051		11423412.0	62956.0	0.1047413681	43287142.0	798402.0	13334682.0
2016-12-01	80861.0		3275.0	627273.0	0.05461882116	386590.0	810648.0	770586.0	144755.0	430578.0	1555799.0	16389.0	0.07094456922		11109079.0	64472.0	0.0947713586899999	29571992.0	802367.0	10195450.0
2017-01-01	85461.0		3300.0	894436.0	0.04518329071	454376.0	900732.0	793270.0	436983.0	412831.0	1899491.0	18232.0	0.05110780641		12042844.0	67229.0	0.1058708266	38001265.0	832992.0	17069546.0
2017-02-01	80467.0		3347.0	1093680.0	0.04092427617	418319.0	813061.0	793644.0	206788.0	387343.0	1627275.0	16529.0	0.05387700126		11105361.0	63938.0	0.114371108	38057326.0	843774.0	17940961.0
2017-03-01	87376.0		3449.0	969064.0	0.04726944874	431418.0	929213.0	674367.0	183115.0	308826.0	1386866.0	19413.0	0.07122725007		11894294.0	67963.0	0.1135307605	33612901.0	710482.0	12928116.0
2017-04-01	82599.0		3383.0	911166.0	0.0427329792399999	415346.0	851164.0	595207.0	537677.0	382293.0	1724616.0	16697.0	0.06016094238		11099327.0	65902.0	0.1113934996	31602306.0	624298.0	8723317.0
2017-05-01	85955.0		3421.0	729458.0	0.04642558778	390945.0	854016.0	833390.0	406552.0	424211.0	1977121.0	19307.0	0.06006418703		11024825.0	66648.0	0.1076091364	41867781.0	862373.0	12451250.0
2017-06-01	81603.0		3589.0	738181.0	0.04323011536	419822.0	855413.0	868011.0	1049593.0	433003.0	2736800.0	18573.0	0.05419151817		10972893.0	63030.0	0.09832622344	38336583.0	898029.0	17156953.0
2017-07-01	80102.0		4107.0	944735.0	0.0614302773	455920.0	934109.0	668452.0	2655035.0	329845.0	4035895.0	16012.0	0.0499838423699999		11234467.0	64090.0	0.0913385421299999	39740681.0	702732.0	19022591.0
2017-08-01	79304.0		3458.0	1039919.0	0.05217626386	436618.0	1007777.0	456573.0	3874032.0	406120.0	5097291.0	15149.0	0.05004758279		11205655.0	64155.0	0.09940092854	44526564.0	488750.0	19872017.0
2017-09-01	79634.0		3234.0	1242240.0	0.0493433635099999	409461.0	923963.0	719268.0	3143746.0	392927.0	4448320.0	16680.0	0.05385643195		10554861.0	62954.0	0.1017849919	41774909.0	758462.0	20179635.0
2017-10-01	81031.0		3381.0	1045401.0	0.04251410576	408665.0	999360.0	571720.0	941342.0	185950.0	1886914.0	16268.0	0.05863549568		11736089.0	64763.0	0.103106784	40886220.0	611227.0	16790134.0
2017-11-01	82572.0		3352.0	895949.0	0.0492537313399999	434575.0	989250.0	495358.0	1671454.0	172360.0	2569773.0	16591.0	0.0684986727		11194664.0	65981.0	0.1058313438	38008837.0	527085.0	14169744.0
2017-12-01	79466.0		3530.0	1088167.0	0.0444184687299999	425192.0	1022891.0	490862.0	2685171.0	193047.0	3623336.0	14235.0	0.07421067894		10781658.0	65231.0	0.1081661937	37411556.0	519639.0	13921195.0
2018-01-01	84392.0		3817.0	1266697.0	0.04314847053	460890.0	1154282.0	635998.0	438827.0	409081.0	1753987.0	16513.0	0.0540366823		12043826.0	67879.0	0.1132945245	39497259.0	671159.0	9737441.0
2018-02-01	78876.0		3613.0	865895.0	0.04308062575	419216.0	1012879.0	689572.0	2640667.0	162580.0	3725933.0	14799.0	0.05236555619		11214565.0	64077.0	0.09814216671	39622374.0	720896.0	15666511.0
2018-03-01	85900.0		3661.0	1098456.0	0.04414300494	444680.0	1121672.0	749171.0	819608.0	202875.0	2040839.0	17265.0	0.07736210227		12067822.0	68635.0	0.0859242467899999	43048383.0	801832.0	17985721.0
2018-04-01	83390.0		3634.0	1100627.0	0.04602759277	473422.0	1107334.0	585931.0	1139948.0	172568.0	2147134.0	15758.0	0.06691532433		11278348.0	67632.0	0.1019290029	34570729.0	622844.0	12837276.0
2018-05-01	85028.0		3699.0	1052280.0	0.04604944256	464452.0	1166548.0	687156.0	1465332.0	177393.0	3118353.0	17376.0	0.06406608942		11796572.0	67652.0	0.0952920745299999	39104990.0	728339.0	15673103.0
2018-06-01	78533.0		3444.0	851691.0	0.0406532722399999	428083.0	1128439.0	569621.0	577595.0	177203.0	1638254.0	14885.0	0.05734102721		10605800.0	63648.0	0.09558275982	37132196.0	603525.0	16458441.0
2018-07-01	77987.0	1972149.0	3687.0	1067811.0	0.04116747387	454464.0	1172888.0	631394.0	458593.0	221459.0	1809947.0	13889.0	0.04712289841	35008608.0	10994815.0	64098.0	0.09553875542	36955110.0	662742.0	14101154.0
2018-08-01	78801.0	2045521.0	3741.0	1210820.0	0.0470079509	481644.0	1229154.0	763082.0	520235.0	221579.0	1818411.0	13825.0	0.05151271642	38961990.0	11394260.0	64976.0	0.08442084855	40995731.0	797032.0	18208668.0
2018-09-01	82335.0	1998801.0	3863.0	846503.0	0.05068544837	437457.0	1171470.0	800330.0	377222.0	185644.0	1635067.0	17832.0	0.05681353535	36620328.0	11062745.0	64503.0	0.09307746416	38605571.0	830428.0	17786725.0
2018-10-01	82416.0	2175908.0	3825.0	957794.0	0.0504849830499999	433507.0	1231538.0	549132.0	1147804.0	191087.0	2101982.0	16325.0	0.06641142535	41323633.0	10790092.0	66091.0	0.0981892562099999	43486666.0	582738.0	23073044.0
2018-11-01	82243.0	2133929.0	3639.0	1150793.0	0.04332890071	456985.0	1228949.0	549451.0	1272149.0	192340.0	2268787.0	15343.0	0.06874217022	42257910.0	11038500.0	66900.0	0.09374738603	44376013.0	586129.0	23896534.0
2018-12-01	80805.0	2072111.0	4046.0	1125381.0	0.0470451421899999	488735.0	1260737.0	512338.0	947571.0	186233.0	2128146.0	14529.0	0.0720737375899999	39932743.0	10991655.0	66276.0	0.08547772941	41988394.0	546299.0	21418466.0
2019-01-01	86793.0	2273355.0	4228.0	988233.0	0.0433582518699999	512674.0	1416777.0	542425.0	951976.0	200366.0	1938938.0	16982.0	0.0542318521	44057059.0	12143464.0	69811.0	0.08130335652	46312638.0	580719.0	23213770.0
2019-02-01	82565.0	2023528.0	3901.0	966696.0	0.04547852696	438437.0	1254935.0	494725.0	574002.0	195100.0	1455387.0	16170.0	0.05465256798	42124129.0	10952758.0	66395.0	0.07375802559	44135189.0	531456.0	22667003.0
2019-03-01	87722.0	2246302.0	4252.0	996968.0	0.04395046691	465084.0	1379133.0	510723.0	643675.0	216257.0	1587804.0	17547.0	0.07326751587	47204254.0	11748062.0	70175.0	0.06309032738	49434627.0	542547.0	28490299.0
2019-04-01	84374.0	2145035.0	3996.0	1412904.0	0.04376657825	414992.0	1356454.0	584061.0	717420.0	268254.0	1782113.0	15334.0	0.06862974361	49143285.0	10955991.0	69040.0	0.05577760252	51252861.0	616226.0	30126989.0
2019-05-01	90225.0	2221726.0	4195.0	1384712.0	0.04962525551	460884.0	1493057.0	667467.0	774361.0	189506.0	1978179.0	19075.0	0.06760472121	44633445.0	11728361.0	71150.0	0.05939815112	46847183.0	702372.0	23578489.0
2019-06-01	83557.0	2051662.0	4270.0	1262220.0	0.04854368932	452430.0	1461766.0	494847.0	639526.0	213853.0	1806274.0	16863.0	0.0609317580099999	38129171.0	10591175.0	66694.0	0.05556810636	40171410.0	549546.0	18588097.0
2019-07-01	82597.0	2087114.0	4657.0	1351814.0	0.05068249258	497732.0	1495166.0	652506.0	1063793.0	230322.0	2215023.0	15286.0	0.04929564463	36172227.0	10832271.0	67311.0	0.0533548812	38251850.0	724922.0	17976086.0
2019-08-01	82374.0	2109334.0	4508.0	1267338.0	0.04944029851	491070.0	1567696.0	494591.0	854189.0	212086.0	1931846.0	14879.0	0.05169167033	34900019.0	11376862.0	67495.0	0.0521111756	37001864.0	548600.0	15640296.0
2019-09-01	83171.0	2120394.0	4346.0	1602350.0	0.05704294613	502420.0	1499908.0	684758.0	2471829.0	243332.0	3617096.0	16645.0	0.0580120651299999	39019081.0	11278981.0	66526.0	0.06308042362	41133075.0	739596.0	16922498.0
2019-10-01	85101.0	2284093.0	4496.0	1455735.0	0.04127228703	521977.0	1598195.0	531622.0	3675689.0	181524.0	4711988.0	16542.0	0.06331182524	41280749.0	11276301.0	68559.0	0.06583170948	43558233.0	585031.0	18391579.0
2019-11-01	85859.0	2173008.0	4273.0	1742610.0	0.03916053656	479971.0	1538302.0	632849.0	3625578.0	211501.0	4651272.0	16570.0	0.07660344992	44755250.0	11076121.0	69289.0	0.06027848783	46923002.0	685487.0	23502409.0
2019-12-01	85250.0	2111610.0	4726.0	2137717.0	0.04889158822	491849.0	1621995.0	670121.0	3481249.0	195211.0	4737543.0	15601.0	0.06946578524	43211735.0	10643462.0	69649.0	0.0554378904999999	45318629.0	716420.0	21367199.0
2020-01-01	90242.0	2290873.0	5047.0	1667762.0	0.0518351213999999	586535.0	1745927.0	633007.0	3520037.0	252889.0	4818313.0	18139.0	0.0538071626399999	42464852.0	12043414.0	72103.0	0.0671802160399999	44748606.0	683969.0	19002423.0
2020-02-01	88239.0	2135595.0	4541.0	1052721.0	0.04517198508	506151.0	1616956.0	805704.0	2516834.0	255138.0	3782792.0	17826.0	0.05411050125	42019391.0	11279497.0	70413.0	0.0609015779	44139367.0	855590.0	18736393.0
2020-03-01	90459.0	2222674.0	5028.0	2955059.0	0.0465993678	702907.0	1678852.0	933836.0	2368419.0	468599.0	4041475.0	18041.0	0.07141265788	47670116.0	13262731.0	72418.0	0.05413776177	49822981.0	998024.0	20754272.0
2020-04-01	96008.0	2221239.0	5534.0	2023867.0	0.046041	825048.0	1741987.0	505900.0	3418000.0	491300.0	4720000.0	20363.0	0.0632409999999999	50802899.0	15206640.0	75645.0	0.05367	53021129.0	567161.0	22620119.0
2020-05-01	104520.0	2365101.0	6001.0	2392095.0	0.0547917911934648	778171.0	1924709.0	878203.0	2929482.0	396374.0	4512879.0	24528.0	0.0692645308029923	52383642.0	14663802.0	79992.0	0.0606182275473632	54751101.0	937664.0	25043268.0
2020-06-01	96027.0	2145261.0	5321.0	2117588.0	0.0480711141796841	813305.0	1791421.0	649618.0	511455.0	487908.0	1922896.0	21074.0	0.0671967800520296	50814018.0	12869134.0	74953.0	0.0577967918695362	52960770.0	703996.0	25836962.0
2020-07-01	87698.0	2087988.0	5356.0	1496188.0	0.0452044357910776	799567.0	1740901.0	743741.0	913741.0	387281.0	2282643.0	18443.0	0.0552301514225361	44143758.0	11996820.0	69255.0	0.0667721398619408	46233269.0	801286.0	21846294.0
2020-08-01	89207.0	2154040.0	5254.0	1538137.0	0.046241637150728	684396.0	1864517.0	713050.0	727136.0	287222.0	2027384.0	17542.0	0.0554192754226406	53116527.0	12778521.0	71665.0	0.0610183985073423	55272101.0	760785.0	25294195.0
2020-09-01	89416.0	2158528.0	4823.0	1328972.0	0.0516473731077471	567904.0	1750969.0	664565.0	647460.0	223916.0	1898219.0	17999.0	0.0607810073642192	62394893.0	12249107.0	71417.0	0.112535956351682	64554789.0	719390.0	15736096.0
2020-10-01	90954.0	2279491.0	5005.0	1151598.0	0.0492356561445304	595157.0	1804825.0	816318.0	859940.0	380768.0	2309596.0	19163.0	0.0746773956135616	62960214.0	12362794.0	71791.0	0.060057429650616	65240927.0	868769.0	15507565.0
2020-11-01	91790.0	2224357.0	4994.0	1199941.0	0.0482573726541554	562327.0	1761761.0	1232866.0	694923.0	290665.0	2581998.0	18373.0	0.0767160678930473	38048523.0	12338738.0	73417.0	0.0549791206534631	40273842.0	1290742.0	15431435.0
2020-12-01	94111.0	2205946.0	5501.0	1431950.0	0.0600123102174805	622716.0	1861378.0	885632.0	780916.0	344251.0	2351553.0	18439.0	0.076012650856083	40216793.0	13217242.0	75672.0	0.055281384675853	42425019.0	960768.0	16522364.0
2021-01-01	100217.0	2385157.0	5788.0	1534365.0	0.0558987029030265	640154.0	2077422.0	829722.0	496093.0	253704.0	1903989.0	21147.0	0.0618456069912425	43805900.0	14502673.0	79070.0	0.0548380478162827	46193370.0	890467.0	19363111.0
2021-02-01	94106.0	2189441.0	5223.0	1323602.0	0.0581117787472219	589393.0	1870956.0	890706.0	497480.0	284744.0	2190708.0	18505.0	0.0648185100281214	44033180.0	4883772.0	75601.0	0.0540450816674842	46224091.0	946127.0	20299650.0
2021-03-01	100355.0	2320935.0	5707.0	1212874.0	0.05555555	619785.0	2002852.0	1924506.0	500124.0	332045.0	3144609.0	20465.0	0.0739641835329024	48937350.0	5690055.0	79890.0	0.0557331100318304	51259653.0	1970348.0	21041855.0
2021-04-01	97136.0	2178544.0	5465.0	1240569.0		632886.0	1892286.0	1714523.0	327406.0	319102.0	2590341.0	18647.0	0.0733912775677109	41700698.0	4772515.0	78489.0	0.0514655762196916	43880912.0	1761754.0	17784086.0
2021-05-01	98744.0	2294554.0	5560.0	1226707.0		641991.0	2050899.0	1218483.0	321578.0	241237.0	2227436.0	19653.0	0.073750787492954	47328592.0	5280862.0	79091.0	0.0532752370633733	49624611.0	1270095.0	20602931.0
2021-06-01	91683.0	2089434.0	5103.0	963573.0	0.0613496932515337	567731.0	1899060.0	750711.0	349563.0	325849.0	1739466.0	17528.0	0.0660238419429238	40073089.0	5218602.0	74155.0	0.0556571636469262	42163576.0	796256.0	18875684.0
2021-07-01	89323.0	2049005.0	5320.0	1144866.0	0.0606991525423729	598855.0	2006736.0	694958.0	341418.0	260784.0	2252121.0	16208.0	0.0591658583899127	42730252.0	5250912.0	73115.0	0.0537411203149289	44780394.0	738459.0	18720677.0
2021-08-01	90325.0	2100177.0	5606.0	1322700.0	0.0588235294117647	618020.0	2083814.0	1258907.0	582256.0	247061.0	2331908.0	16123.0	0.0603664736765652	45811721.0	5587077.0	74202.0	0.0503179355696413	47913055.0	1311357.0	19905473.0
2021-09-01	88935.0	2052391.0	5164.0	997518.0	0.0554815263476681	586738.0	1946403.0	808814.0	358116.0	239849.0	1684130.0	16848.0	0.062775914823471	37448564.0	6045787.0	72087.0	0.0548387089538597	39502236.0	899197.0	15241328.0
2021-10-01	90054.0	2123708.0	5157.0	908283.0	0.0591021881344462	550636.0	1925799.0	1348981.0	496937.0	303617.0	2414980.0	16921.0	0.072902825759589	38745013.0	5959837.0	73133.0	0.054065981597117	40870218.0	1494555.0	14084019.0
2021-11-01	90005.0	2018200.0	5107.0	973932.0	0.0560511089681774	629947.0	1821699.0	543471.0	420731.0	288246.0	1460354.0	16410.0	0.0807964893266605	37416732.0	5973130.0	73595.0	0.0542192168352792	39436215.0	586487.0	16358067.0
2021-12-01	89366.0	1995954.0	5315.0	1060115.0	0.0482491856677525	659813.0	1893692.0	696066.0	446094.0	281101.0	1653680.0	15866.0	0.0728598761495258	39301991.0	8267140.0	73500.0	0.0530338270947221	41299016.0	746046.0	16768078.0
2022-01-01	94411.0	2196791.0	5588.0	2068915.0	0.0497872340425532	721691.0	2097066.0	703587.0	378116.0	331589.0	1670762.0	17601.0	0.062471589735113	44069031.0	11540342.0	76810.0	0.0543558360910436	46267521.0	781837.0	17365714.0
2022-02-01	88297.0	1958744.0	5256.0	1374497.0	0.0487243429886821	572935.0	1878139.0	569124.0	224029.0	218825.0	1248681.0	16016.0	0.0630085611277918	36620342.0	10177703.0	72281.0	0.0591118447485452	38580288.0	612714.0	13450324.0
2022-03-01	91790.0	2094120.0	5334.0	993853.0	0.0543937588037707	582447.0	1991180.0	678076.0	356670.0	208310.0	1594924.0	17607.0	0.0775315224159402	49914361.0	10696650.0	74183.0	0.047048004890053	52020405.0	717167.0	22334725.0
2022-04-01	90156.0	1991098.0	5011.0	1096217.0	0.0581967213114754	528459.0	1946059.0	804792.0	292648.0	174503.0	1506241.0	16681.0	0.0744556211144066	44037706.0	9999896.0	73475.0	0.048272252246185	46041051.0	888418.0	21846813.0
2022-05-01	92992.0	2086273.0	5190.0	922924.0	0.0541042610008127	556567.0	2057403.0	668816.0	368222.0	183762.0	1461818.0	17945.0	0.0705344684637317	45034127.0	10501375.0	75047.0	0.0498926445077041	47120644.0	714835.0	22056709.0
2022-06-01	88304.0	1926518.0	5030.0	809554.0	0.0569975218468762	537470.0	1952873.0	1165125.0	568742.0	205883.0	2154558.0	16476.0	0.0677793405911864	40953493.0	9870768.0	71828.0	0.0481086928075316	42880187.0	1209527.0	17410430.0
2022-07-01	88209.0	1938956.0	4944.0	1001914.0	0.0505265649035617	576230.0	2068745.0	1114553.0	458658.0	210028.0	2082123.0	15746.0	0.0620120527715945	48280676.0	10044957.0	72463.0	0.0402174471860962	50219785.0	1161687.0	23778647.0
2022-08-01	88055.0	1947305.0	5063.0	1012554.0	0.0542495479204339	529677.0	2114433.0	975000.0	252106.0	202819.0	1687531.0	15650.0	0.0602537998958284	46455984.0	10149950.0	72405.0	0.0376821785788148	48403571.0	1045263.0	24896342.0
2022-09-01	87031.0	1928853.0	4921.0	822150.0	0.0549464398235664	532849.0	1993376.0	842819.0	590325.0	331966.0	2018256.0	15830.0	0.0650892767579496	43350176.0	9754583.0	71201.0	0.0444245438058997	45279357.0	888169.0	21794003.0
2022-10-01	89943.0	2103644.0	5154.0	1000487.0	0.0536518259129564	529468.0	2106116.0	919737.0	575671.0	202817.0	1950071.0	16963.0	0.0743462676513748	45890898.0	10348175.0	72980.0	0.0424652429820116	47994811.0	982244.0	21546828.0
2022-11-01	88470.0	2037337.0	4881.0	936197.0	0.0507826086956521	516474.0	1986573.0	1004268.0	460797.0	205291.0	1925293.0	16012.0	0.0798629951166576	44458168.0	10186389.0	72458.0	0.0499833146695105	46495714.0	1085844.0	19515262.0
2022-12-01	88845.0	2015566.0	5236.0	1281700.0	0.0416705771938057	539969.0	2028754.0	785030.0	518401.0	229919.0	1733876.0	15706.0	0.0702429407275502	43788318.0	10601038.0	73139.0	0.0449890128848636	45804026.0	839212.0	17493716.0
2023-01-01	94010.0	2136383.0	5531.0	1473586.0	0.0545929266555898	563487.0	2183828.0	763067.0	668528.0	198062.0	1997150.0	17906.0	0.0613861165567635	49276599.0	11886151.0	76104.0	0.0400431767304346	51413312.0	821499.0	22817468.0
2023-02-01	87939.0	1848805.0	5091.0	1149044.0	0.0596619158104076	496434.0	1873950.0	601988.0	385735.0	218166.0	1444956.0	16298.0	0.0608531115679312	42097626.0	10394629.0	71641.0	0.0520520142696304	43946614.0	660012.0	19303690.0
2023-03-01	93519.0	2030811.0	5453.0	1585639.0	0.053838065194532	568648.0	2077931.0	802669.0	416195.0	217410.0	1736767.0	18140.0	0.0814471151473273	47736130.0	11022123.0	75379.0	0.067389121201411	49767168.0	856120.0	22102794.0
2023-04-01	91012.0	1961180.0	5253.0	880299.0	0.0545680546923555	510863.0	2036253.0	796965.0	480902.0	216111.0	1841465.0	16803.0	0.0701664986540527	45754123.0	11044883.0	74209.0	0.0567744517411737	47715591.0	846514.0	20169473.0
2023-05-01	91722.0	2002114.0	5283.0	990895.0	0.0554419723391461	515371.0	2130238.0	806293.0	779698.0	202301.0	3211236.0	16775.0	0.0672782567674719	48036537.0	10815482.0	74947.0	0.0633856452053059	50038842.0	852157.0	19492792.0
2023-06-01	87969.0	1895243.0	5411.0	947840.0	0.0571960297766749	523348.0	2092098.0	950689.0	1139939.0	160329.0	2882786.0	16008.0	0.0614693976594641	46400660.0	10181672.0	71961.0	0.0496379633267351	48296199.0	1008563.0	20461438.0
2023-07-01	87897.0	1880484.0	5070.0	1185634.0	0.054265375189637	526894.0	2234879.0	1305360.0	903759.0	157392.0	2729635.0	15504.0	0.0583085508069636	42620027.0	10590389.0	72393.0	0.0437827476946888	44506144.0	1352608.0	16854315.0
2023-08-01	88070.0	1870043.0	5090.0	1222563.0	0.0490407826197433	540844.0	2298911.0	1090121.0	962798.0	164588.0	2872486.0	14927.0	0.0579881512543579	45475870.0	10778493.0	73143.0	0.0447154481009526	47350800.0	1137635.0	21763128.0
2023-09-01	86544.0	1859529.0	4828.0	1420546.0	0.0470995210218201	493967.0	2310999.0	1352462.0	639425.0	152424.0	2767806.0	15168.0	0.0597523729866048	42770637.0	10085554.0	71376.0	0.0445713184755932	44634811.0	1402160.0	18717000.0
2023-10-01	87430.0	1959793.0	4666.0	1352670.0	0.0550103662750518	503932.0	2206402.0	1290332.0	353332.0	279120.0	2459079.0	15211.0	0.0739399631721393	42020306.0	10878221.0	72219.0	0.0451243636556321	43983455.0	1321005.0	16623729.0
2023-11-01	87719.0	1875848.0	4715.0	927448.0	0.0522508038585209	479887.0	2055075.0	1344681.0	272586.0	295060.0	2551394.0	14898.0	0.0806679097341748	42397598.0	10519402.0	72821.0	0.0426404492034751	44277545.0	1378321.0	19082874.0
2023-12-01	87017.0	1813172.0	5055.0	955720.0	0.0465819721718088	504497.0	2133742.0	1330409.0	437704.0	296405.0	2682582.0	14200.0	0.0727423479814553	47008898.0	11974000.0	72817.0	0.04090489436127	48827561.0	1362402.0	20370931.0
2024-01-01	91329.0	1970456.0	5205.0	939607.0	0.0517171168725397	570828.0	2268178.0	1221484.0	317225.0	169848.0	2117679.0	15524.0	0.0582397366382649	54614552.0	12013464.0	75805.0	0.0501944722249887	56590457.0	1300535.0	24127839.0
2024-02-01	87553.0	1808711.0	4996.0	1146209.0	0.0564769802688018	536651.0	1993665.0	821603.0	284262.0	165848.0	1618670.0	14747.0	0.0630186618358131	52889917.0	11076541.0	72806.0	0.0398312847242042	54703380.0	867216.0	23930742.0
